我,不,孤單,在,外面,磕磕,碰碰,在,懷中,卻,感覺到,你,睡著,我,不,怕,冷,我,聞到,你,的,外套,在,長年,擁抱,過,後,留下來,的,味道,世界,煩擾,生活,在,煎熬,我,不慌不忙,看,著,這,命運,怎麼,鬧,怎麼,糟,只要,我,疲乏,雙手,能夠,把,你,圍繞,就,不用,逃跑,在,情人,的,懷抱,一起,摔,了,一,跤,摔,不,痛,甩,不,掉,分,不,散,拆,不,掉,生命,是,脆弱,的,我,知道,可,你,中,有,我,我,中,有,你,的,煩惱,有,什麼,兩,個,哭,一起,笑,我們,早,就是,對方,最,有效,的,解藥,讓,命中,的,另一半,一,擁抱,就,融掉,就,好像,尋回,我,半,邊,生命,用,我,的,體溫,催促,你,的,心跳,本來,缺掉,的,一角,終於,給,找到,我,很,渺小,可是,我,也,很,重要,因為,我,肩膀,有,你,在,依靠,天地,太,大,我們,雙手,雖然,小,圍起來,卻,已,足夠,隔絕,一切,紛擾,什麼,天荒地老,有,多,可靠,又,能,鎖住,過,多少,雙腳,誓言,這,美麗,的,鐐銬,懷抱,中,的,兩,位,一體,不,需要,因為,我,是,你,你,是,我,還,用,說,什麼,不管,貧窮,與,疾病,都,願意,一生,一,世,照料,我們,一早,是,對方,最,甜蜜,的,良藥,讓,命中,的,另,一半,一,擁抱,就,融掉,就,好像,尋回,另,一,邊,的,命,用,我,的,體溫,催促,你,的,心跳,本來,缺掉,的,一角,終於,給,找到,電視劇,《,紫釵,奇緣,》,主題曲,國語版,沒有,你,三,輩子,的,回眸,就,沒有,他,今生,幾,回,分手,我,冷眼,似,雪,心熱,如,火,守護,你們,的,不朽,不,是,我,上,輩子,已,看透,就,不能,今生,做,你,的,朋友,你們,劍合,你們,釵圓,而,我,獨自,陽關,折柳,不,怕,情難,守,不,問,誰,難受,你,不,負,我,哀愁,就,要,辜負,我,保佑,紫釵,插,心頭,怕,情,深,不壽,假裝,無情,去,看,有情人,一起,白,頭,你,給,他,千迴百轉,挑逗,他,還,你,千瘡百孔,的,風流,你們,傷春,你們,悲,秋,而,我,已,被,春秋,遺漏,不,怕,情難,守,不,問,誰,難受,你,不,負,我,哀愁,就,要,辜負,我,保佑,紫釵,插,心頭,怕,情深,不壽,只有,絕情,去,看,你,白頭,錯錯,錯錯,在,不,知,覆水,難收,莫莫莫莫,問,孤獨,的,理由,只有,我,打抱不平,過後,還,指望,誰,來,拯救,紫釵,插,心頭,不,問,誰,難受,你,不,負,我,哀愁,就,要,辜負,我,保佑,不,看,你,風流,就,看,我,淚流,不能,讓,我,看透,就,只有,欲,看,還,休,易,愛,難,收,國語版,你,的,人,還,在,你,的,心,不,在,剩下,虛假,的,關懷,謝謝,都,來不及,只是,別,假裝,沒,無奈,過去,早,已經,盼,了,未來,熬到,了,今天,還,沒,說出來,如果,隱瞞,是,你,的,慷慨,倒不如,坦白,不,愛,那,就,承認,失敗,不,說,我,都,依然,明白,表情,沒有,感情,你,不,是,演戲,的,天才,等待,也,是,一,種,傷害,也許,我,追,虛偽,的,愉快,你,只,想,自由自在,結局,我,不,想,再,猜,你,的,手,還,在,你,的,情,不,在,不用,分手,都,悲哀,隨著,天意,安排,我,眼睛,不能,不,張開,你,溫柔,的,淚,快,掉下來,可是,填,不滿,孤獨,的,大海,如果,你,的,心腸,還,不,壞,倒不如,坦白,不,愛,那,就,承認,失敗,不,說,我,都,依然,明白,表情,沒有,感情,你,不,是,演戲,的,天才,等待,也,是,一,種,傷害,也許,我,追,虛偽,的,愉快,你,只,想,自由自在,結局,我,不,想,再,猜,你,只,欠,我,一,個,誠懇,的,交代,不用,還,我,愛情,的,債,不,愛,那,就,承認,失敗,不,說,我,都,依然,明白,表情,沒有,感情,你,不,是,演戲,的,天才,等待,也,是,一,種,傷害,也許,我,追,虛偽,的,愉快,你,只,想,自由自在,結局,我,不,想,再,猜,電影,《,風雲,2,》,國語版,主題曲,陳光榮,雲,無常,一時,回首,教,大江,向,西,流, 莫問風,無量,狂嘯,幾多,愁,誰,了,斷,過,恩仇,超越,過,敵友,誰,忍心,把,是非,不置可否,水火,的,戰鬥,心火,一,燒,覆水,不能,收, 一,出手,不,回,首,有,對頭,不,低頭,只是,那,翻雲覆雨,手,又,在,等,誰,拯救,到,最後,只,留下,天高地厚,有,誰,是,真,高手,誰,都,帶,著,傷口,去,打開,出口,一切,過錯,都,有,對,的,理由,在,武功,盡頭,口訣,只,能,將,恨意,傳授, ＊,一,出手,不,回,首,有,對頭,不,低頭, 　,只是,那,翻雲覆雨,手,又,在,等,誰,拯救, 　,又,怎麼,清雪,那,滿,身,污垢, 　,只,能,攻,不能,守,只,能,放,不能,留, 　,好,身手,惹來,對手, 　,把,天下無敵,的,神話,看透, 　,有,誰,能,不,低頭,＊ ,誰,才,是,劊子手,如何,是,強,出頭,寸草,也,不,曾,留,除惡,後,怎麼,能,善後,那,戰果,如何,承受,　大江,能否,再,東流," REPEAT＊ 
",MC Jin ,名字,不,重要, hi ,你,說,的,一,套,哦,我,倒,覺得,不妨,參考,你,的,生活照,裡,某人,挺,搞笑,喂,漸漸,變成,半熟,的,面貌,南腔,加,北,調,平起平坐,say hello ,不,怕,沒大沒小,天地,大,又,小,我們,卻,相互,倚靠,隨時,歡迎,來,打攪,你們,好,我,很,好,沒有,必要,再,互相,介紹,你,看到,我,聽到,天涯海角,再,也,沒,孤島,有,熟悉,話題,要,閒聊,再,沒有,陌生,的,天橋,不,客套,更,熱鬧,大家,好,大家,好,你,怎麼,慶生,欸,吃,甚麼,蛋糕, wow ,全,世界,的,人,都,知道,他,有,個,煩惱,唉,有,人,在,開藥, well ,有,人,在,遠方,為,他,祈禱,南腔,加,北調,平起平坐,say hello ,不,怕,沒大沒小,天地,大,又,小,我們,卻,相互,倚靠,隨時,歡迎,來,打攪,你們,好,我,很,好,沒有,必要,再,互相,介紹,你,看到,我,聽到,天涯海角,再,也,沒,孤島,有,熟悉,話題,要,閒聊,(,It's a worl,d without, strangers,!,),再,沒有,陌生,的,天橋,(,Yo ,Jon,",", I got you,., MC ,Jin,! ,),不,客套,更,熱鬧,大家,好,(,Check this, out right, here,",", we,'re gonna switch it, up a bit,.,),大家,好,(,Ayo,",", swit,ch the beat, up, for me,., Let's go,!,),  They told ,Columbus the world was, flat,",", and, he said 'what kind of world is that,?' I'm sorta like ,Christopher that is a fact,",", sailing the globe don't know when I'll be back,., I've been to many distant places,",", seen a lot of different faces,., How you doin'?  ,I am doing well,., See we just met,",", but you couldn't tell,.,We don't know when the party ends,",", either way we can all be, friends,., It all starts with a simple ,“,Hi,”,",", why would you let the chance go by,? I'm here for a day,",", getting, away,., No worries,",", everything's okay,., Friends may go,",", strangers stay,., Here's what you say,.,你們,好,我,很,好,沒有,必要,再,互相,介紹,你,看到,我,聽到,天涯海角,再,也,沒,孤島,有,熟悉,話題,要,閒聊,再,沒有,陌生,的,天橋,不,客套,更,熱鬧,大家,好,大家,好,羅茲威爾,(,國語版,),糟糕,這,是,怎麼,搞,一,夜,之間,所有人,都,高攀,不,到,我,呢,竟,變成,跳蚤,跳來跳去,搞,不,懂,他們,有,啥,好笑,表情,都,是,一,堆,符號,沒想到,兩,張,嘴,會,那麼,吵,然後,像,樹林,包圍,山腰,忘,了,原因,只,記得,這,叫,擁抱, hey　,甚麼,都,弄,不,清,也好, hey　,甚麼,都,聽,不,懂,也好, hey　,甚麼,都,看,不,透,也,好,我,只,聞到,花,的,味道, hey　,甚麼,叫做,藍調, hey　,甚麼,叫做,情調, hey　,都,是,那,個,調調,我,只,聽到,花,落,多少,怎麼著,死,不,掉,他們,看,我,很,無聊,我,看,他們,好,操勞,怎麼著,大不了,埋頭,埋腦,跳跳跳,不得了,就,伸伸懶腰,這,是,眉毛,那,是,眉毛,饒,了,我,吧,都,是,差不多,的,面貌,毛孔,之間,幹嘛,傳來,轟隆隆,的,心跳, hey　,他們,呼吸,就,像,風暴, hey　,他們,流汗,就,像,浪濤, hey　,他們,甚麼,都,很,重要,我,只,覺得,莫名其妙, hey　,甚麼,是,長,與,短, hey　,甚麼,是,多,與,少, hey　,甚麼,是,大和小 ,我,就,樂,得,沒大沒小,怎麼著,死,不,掉,他們,看,我,很,無聊,我,看,他們,好,操勞,怎麼著,大不了,埋頭,埋腦,跳跳跳,不得了,就,伸伸懶腰,怎麼著,死,不,掉,他們,看,我,很,無聊,我,看,他們,好,操勞,怎麼著,大不了,埋頭,埋腦,跳跳跳,不得了,就,伸伸懶腰,怎麼著,死,不,掉,他們,哭,了,我,洗澡,跳來跳去,好,逍遙,怎麼著,大不了,一,宿,春眠,不覺,曉,不,知道,的,有,何,足道,1+1,(,國語版,),你,是否,還,記得,在,高考　,的,前夕,我們,在,看,幾,米,的,繪本,了不起,你,還,說,考,不,上,就,嫁,人,沒關係,還,問,我,這樣,想,是,不,是,有,問題,連,月亮,都,忘記,了,我,沒,忘記,那,一,刻,我,想說,我,愛,你,沒想到,那,任性,得,可愛,的,你,連,畢業,的,典禮,都,缺席, oh　,一二三,木頭人,你,在,哪裡,誰,正在,買,了,畫冊,逗,你,歡喜, oh　,誰,讓,你,忘記,了,你,的,問題,而,你我,離,幸福,的,距離,有,幾,米,我,寧可,你,依然,耍性子,孩子氣,還是,想,你,明白,愛,一樣,要,溫習,連,月亮,都,忘記,了,我,為甚麼,在,那,刻,沒有,說,我,愛,你,是,怕,換來,一瞬間,沉默,的,你,迷失,在,那,夢遊,的,天地, oh　,一二三,木頭人,你,在,哪裡,誰,正在,買,了,畫冊,逗,你,歡喜, oh　,誰,讓,你,忘記,了,你,的,問題,而,你我,離,幸福,的,距離,有,幾,米, oh　,一二三四五年,沒,見到,你,你,那,一,頭,的,長髮,誰,正在,幫,你,梳理, oh　,我,現在,就,回答,你,的,問題,倘若,你,和,我,一起,就,沒有,問題,一二三四五年,失去,消息,我,卻,知道,幾,米,的,新,書,的,出版,日期, oh　,到,最後,還,剩下,一,個,問題,我,跟,你,的,幸福,還,相差,了,幾,米,那,時候,我們,有,一,雙,緊握,的,手,走過,全,世界,很多,街頭,簡單,相愛,的,心,中,不,懂,天高地厚,那,時候,我們,的,感情,不,問,理由,擁抱,總是,在,吵架,之後,從來,都,沒有,冷戰,多久,的,念頭, #,幸福,在,日子,裡,一天天,的,累積,塵垢,終於,要,忍受,看,你,空,著,的,手,在,回家,的,路,上,竟,一,先,一,後,是,不,是,從前,的,點滴,溫柔,逐漸,溜走,變成,了,傷口,是,為甚麼,到,今天,才,發現,兩,個,人,有,那麼多,的,要求,是,不,是,不管,我,對,你,多,好,吻,你,多久,也,不能,回頭,你,一,個,人,無言,淚流,是否,為了,失去,自由,雖然,睡,在,左右,也,只是,熟悉,的,朋友,那,時候,我們,總,在,老,地方,等候,你,有,無數,遲到,的,借口,每,個,都,像,你,那麼,可愛,覺得,享受,那,時候,我們,甚麼,都,不,太,講究,有,次,試,著,喝,一點,烈酒,在,雨,中,彷彿,走到,世界,的,盡頭, Repeat # ,沒有,細水長流,流光,了,淚水,也,不能,回到,那,好,時候,是,誰,貪新忘舊,誰,首先,說,不如,分手,是否,再,握緊,你,手 ,也,失去,溫柔,　So how much I love you ,(,Yeah,), 　　So how much I need you ,(,Yeah Yeah Yeah,), And I can't stand ya 　　Must everything you do 　　,Make me wanna smile 　　Can I not like it for awhile No ,我,也,失望, 　　,相處,那麼,長,相好,那麼,短, 　　,總是,在,親吻,中,善忘,討厭,那,快感, 　　,把,錯誤,都,給,遺忘, 　　,But I, hate it ,You know exactly what to do 　　,So that ,I can,'t stay mad, at you 　　,For too long 　　,That's wrong ,Girl ,I hate it 　　,你,的,指尖,擦過,臉龐, 　　,就,忘,了,爭吵,的,損傷,就,像,矛盾, 　　,都,與,我們,的,未來,無關, And I hate, how much ,I love you boy 　　,I can't st,and, how much I need you ,(, I need you,), And I hate, how much ,I love you boy 　　,But ,I just can,'t let you go 　　,And ,I hate that ,I love you so ,你,明白,你,擅長,把,弄,我,的,遐想, 　　,從,苦痛,變換成,狂歡, Sad and it's not fair 　　,How you take advantage of the fact that 　　I love you beyond the reason why 　　,And it just ain't right And I hate how much I love you girl 　　,恨,自己,一邊,愛,一邊,忍受, 　　And I hate how much I love you girl 　　,愛恨,都,是,種,挑逗, 　　But I hate that I love you so ,One of these days maybe your magic won't affect me 　　,And your kiss won't make me weak ,我,的,思想,都,被,困在, 　　,你,能,透視,的,目光, 　　,美麗,的,咒語,已,種,在,我,身,上, 　　Hate that I love you so So much I love you How much I need you So much I need you How much I love you So much I love you ,(, I need you,), 　　So much I need you ,(, I need you,), And I hate that I love you ,(,So,), And I hate how much I love you girl ,(, Hey,), I can't stand how much I need you ,(, I can't stand how much I need you,), And I hate how much I love you boy ,(, Yeah Oh,), 　　But I just can't let you go ,(, But I just can't let go　No,), I hate that I love you so 　　　 ,"And I hate that I love you so so 
",天,上,的,雪花,白茫茫,遇上,有情郎,閃亮亮,流傳,的,神話,永,不忘,地,久天長,每,個,人,都,會,唱,故事,鋪展,在,那,湖水,的,中央,蕩漾,一,段,感情,美麗,又,感傷,兩,雙,擁抱,的,手人,間,到,天,上,花兒,開出,了,翅膀,夢,中,飛翔,懂,愛,的,人,就,會,懂得,這,夢想,地,老,天,也,不會,荒,有情,的,人,就,會,擁有,這,力量,總,讓,不朽,的,情懷,帶來,花香,如果,你,也,相信,傳說,多,漂亮,你,會,看到,飄雪,停泊,的,夢鄉,兩,個,男女,主角,不,老,的,臉龐,花兒,開出,了,翅膀,一,對,一,雙,尋,愛,的,人,總會,找到,那,方向,地,老,天,也,不會,荒,平凡,的,人,也,會,愛,到,了,瘋狂,總,讓,不朽,的,天地,帶來,想像,在,這,花,好,月圓,的,夜,在,這,普天同慶,的,佳節,人人,都,像,採,花,蝴蝶,好,趁,青春,不等,花謝,投入,這,個,花花世界,珠光,寶氣,歌台,和,舞榭,我,是,淑女,你,是,少爺,身驕,肉貴,才,有,請帖,就,像,一家人,般,和諧,星光,熠熠,都,乍,洩,管,甚麼,之乎者,也,盡情,跳舞,跳,啊,跳,就是,一切,看,閃爍,生光,鑽石,一樣,漂亮,看,華麗,晚裝,穿越,地,老天,荒,地久天長,地,久天長,我,說,感情,就,是,鑽戒,沒有,鑽戒,哪裡,來,親切,我,的,道理,你,會,瞭解,不能,拜金,只,能,吻別,我,的,愛情,就,是,鑽戒,給,你,爛鐵,你,也,會,不屑,為,我,所,愛,奉獻,一切,我,就,擁有,她,的,世界,貧賤,夫妻,十惡不赦,大富翁,合唱,情歌,才,算是,好樣,的,歌,才,能夠,真正,合拍,與,眾同樂,看,閃爍,生光,鑽石,一樣,漂亮,看,華麗,晚裝,穿越,地,老天,荒,地,久天長,熱鬧,的,舞會,好,孤寂,愛,我,的,對象,在,哪裡,滿堂,的,人潮,多,擁擠,誰,能,回答,我,這,個,老,問題,熱鬧,的,舞會,無聊,極,可,知,我,夢想,多,美麗,討厭,人,對,我,笑嘻嘻,到底,誰,才,能夠,讓,我,動情,到底,誰,才,能,打動,我,的,心,天大,地,大,沒,人,願意,接近,我,我,的,心事,總是,沒,人,聽,我,說,只有,在,花園,裏,我,不會,寂寞,只,盼望,我,的,花兒,開花,結果,就,像,一家人,般,和諧,星光,熠熠,都,乍,洩,管,甚麼,之乎者,也,盡情,跳舞,跳,啊,跳,就是,一切,看,閃爍,生光,鑽石,一樣,漂亮,看,華麗,晚裝,穿越,地,老天荒,一生,一,世,一生,一,世,一,對,一,雙,一,對,一,雙,一,男,一,女,一,男,一,女,一,見,難忘,一,見,難忘,只,需要,門,對,和戶,當,懂得,說話,的,眼睛,看透,我,開始,騷動,的,心靈,雪,飄落,的,韾音,好像,夢,中,似曾相識,的,風景,還,沒,來得及,反應,平靜,湖面,飛來,了,一,隻,蜻蜓,我,有點,受寵若驚,再次,檢視,活過來,的,生命,我,全身,都,來,了,感覺,我,都,不,敢,相信,像,預言,一樣,預告,從此,以後,無法,安靜,期盼,你,都,有,那,感覺,兩,個,人,的,共鳴,就,像,那,花,和,蝴蝶,般,的,接近,看,不,到,你,的,眼睛,卻,聽到,了,我,的,心,給,我,一,個,肯定,請,你,快,讓,我,聽,你,的,心情,看,不,清楚,他,眼睛,多麼,羨慕,花兒,與,他,的,感情,我,不斷,在,跳,的,心,是否,只,為了,他,遠去,的,背影,躲,在,暗處,中,的,感覺,我,都,不,敢,相信,像,預言,一樣,預告,從此,以後,無法,安靜,期盼,他,都,有,那,感覺,兩,個,人,的,共鳴,就,像,那,花,和,蝴蝶,般,的,接近,就,像,那,花,和,蝴蝶,一樣,接近,真,希望,我們,也,能,這樣,接近,搞不清,是否,正在,談戀愛,只,知,我,的,心跳,跳出,搖滾,好,厲害,為甚麼,不,明白,是,甚麼,我,明白,是,我,的,心事,隨,她,搖擺,是,一,種,花香,怎麼,吹,她,依然,在,是,快樂,的,門,只有,她,才,能,打開,是,玫瑰,的,花瓣,滿,天,飛舞,飛進,我,胸懷,總,給,我,不安,的,愉快,像,霧,又,像,花,無法,證明,它,存在,像,一,顆,流星,我,無法,跟,它,比賽,像,早春,的,飄雪,多,美麗,終究,不能,依賴,像,好,夢,總是,醒,得,太,快,我,不,是,一,個,談情說愛,的,天才,我,沒想到,我,的,夢想,該,也,不,該,來得,快,走,的,更,快,搞,不清,是否,正在,談戀愛,只,知,我,的,心跳,跳出,搖滾,好,厲害,為甚麼,不,明白,是,甚麼,我,明白,是,我,的,心事,隨,她,搖擺,夢想,快要,成真,了,上天,的,安排,我,要,花兒,開,個,不停,陪,我們,永遠,年輕,每,朵,花,代表,了,純淨,的,愛情,我,要,種出,一,個,森林,陪,他,聽,落葉,回音,陪,它,看,雪花,融化,了,的,寧靜,我,怎能,不,相信,飛舞,的,流星,正,是,為了,實現,我,和,花兒,的,約定,看,滿,天,的,星星,寫出,我,心情,正好,代表,著,我,和,你,擁抱,的,生命,也許,雲端,裏,有,精靈,竊聽,我,的,心,就,讓,我們,一起,閉上,眼睛,我,要,提琴,奏出,生命,陪,我們,永遠,年輕,每,個,音節,都,有,漸進,的,感情,我,要,用心,表演,一,場,讓,世界,對,我,肯定,讓,湖,邊,的,狼,也,用心,的,傾聽,我,怎能,不,相信,飛舞,的,流星,正,是,為,了,實現,我,和,音樂,的,約定,看,滿,天,的,星星,(,流星,的,風景,),寫出,我,心情,(,有,你,的,背影,),正好,代表,著,我,和,你,(,你,永遠,是,我,),擁抱,的,生命,(,命中,的,精靈,),也許,雲端,裏,有,精靈,竊聽,我,的,心,就,讓,我們,一起,閉上,眼睛,(,就,讓,我們,一起,閉上,眼睛,),暗戀,已,成為,習慣,我,一,個,人,躲,在,一,旁,欣賞,偷來,的,浪漫,不能,按捺,地,喜歡,微笑,的,他,只是,一切,與,我,無關,眼看,溫柔,的,花瓣,為,別人,燦爛,對,他,說,也,難,愛,更,難,恨不得,與,他,的,情感,沒,了,沒完,從,透明,的,清晨,到,朦朧,夜晚,永恆,的,情感,天天,期盼,我,理想,的,幸福,生活,有,他,陪伴,有,多,美滿,突然,而,來,的,花瓣,隨,他,流轉,好像,開展,我,夢,中,的,紅,地毯,大概,這,就,是,緣份,像,一,條,小,船,總算,來到,我,的,港灣,眼看,他,傻傻,笑容,不能不,喜歡,愛上,他,一點,都,不,難,(,合,),恨不得,與,他,的,情感,沒,了,沒完,從,透明,的,清晨,到,朦朧,夜晚,永恆,的,情感,天天,期盼,我,理想,的,幸福,生活,有,他,陪伴,有,多,美滿,左右,拐,一,拐,上下,拜,一,拜,你,的,愛,已經,飛奔過來,如果,花,得來,一定,劃得來,你,和,她,緣份,上天,安排,感情,也,講,氣派,穿,名牌,醜變,帥,向,前,走,往,錢,看,一定,有,未來,錢,在,人,在,鑽石,在,感情,在,金禧,銀禧,千秋萬,代,分,不,開,有錢,就,不,矮,不,怕,沒,人,愛,你,的,想法,和,我,真,合拍,只要,愛,錢財,就,有,愛情,在,錢,生,錢,愛人,生下,小孩,不,怕,寂寞,難耐,只,怕,貧窮,難捱,對著,銅板,發呆,浪漫,就,拜拜,錢,在,人,在,鑽石,在,感情,在,金禧,銀禧,千秋萬,代,分,不,開,金錢,的,錢,遇見,白金,的,白 ,一眼,就,將,心事,看,明白,金錢,的,錢,放,在,口袋,的,袋,淺白,到,男女,都,在,期待,向,錢,看,就,會,相,親愛,相,親愛,就,會,生,小孩,小孩,吃飽,了,就,可愛,心肝寶貝,買下來,向,錢,看,就,會,相,親愛,我,和,錢,最,合拍,哪怕,感情,會,失敗,銀婚,金婚,離,不,開,左右,拐,一,拐,上下,拜,一,拜,你,的,愛,已經,飛奔過來,如果,花,得來,一定,劃得來,你,和,她,緣份,上天,安排,感情,也,講,氣派,穿,名牌,醜變,帥,向,前,走,往,錢,看,一定,有,未來,錢,在,人,在,鑽石,在,感情,在,金禧,銀禧,千秋萬,代,分,不,開,金錢,的,錢,遇見,白金,的,白 一眼,就,將,心事,看,明白,金錢,的,錢,放,在,口袋,的,袋,淺白,到,男女,都,在,期待,向,錢,看,就,會,相,親愛,相,親愛,就,會,生,小孩,小孩,吃飽,了,就,可愛,心肝寶貝,買下來,向,錢,看,就,會,相,親愛,我,和,錢,最,合拍,哪怕,感情,會,失敗,金錢,真,可愛,哪怕,感情,會,失敗,銀婚,金婚,離,不,開,情人,佳節,一起,出發,想,找,伴侶,一定,有,方法,明月,當,空滿,地,光華,別,放過,我,鍾情,的,她,情人,佳節,一起,出發,感動,她,就,在,這,一,?,那,今夜,臺詞,不,怕,肉麻,為了,她,我,不惜,代價,戴上,戒指,帶,她,回家,甜言蜜語,的,說話,鑽石,面前,誰,裝傻,她,一定,說,我,願意,委身,下嫁,要,談,婚論,嫁,珍惜,花樣年華,要,   ,立業,成家,珍惜,心,中,的,她,她,跑到,哪,情人,佳節,一起,出場,人間,隨時,變成,了,天堂,如果,真愛,就,在,身旁,不,枉,我,悉心,的,打扮,寂寞,年華,為時,未,晚,等,了,多久,就,等,這,一,晚,讓,我,變成,了,準新娘,我,的,身份,就,翻,兩,翻,他,一定,會,教,我,難忘,朵朵,花兒,開,的,香,就,像,親吻,般,美滿,兩,個,人,一,種,理想,我,的,愛,狼,要,談,婚論,嫁,珍惜,花樣年華,要,   ,立業,成家,珍惜,心,中,的,他,心花怒放,人人,在,談情,和,說,愛,只有,我,一,個,人,發呆,我,為了,狼,等到,現在,他,卻,有,了,他,的,雪,作,未來,我,用,我,所有,感情,去,灌溉,願,我,花兒,在,人間世,外,中,盛開,雪兒,到來,就,看到,這,嬌媚,的,花海,我,的,心意,她,一定,明白,情人,佳節,一起,出發,孤單,的,人,不用,怕,戀愛,中,人,多,瀟灑,跳,著,舞,一起,來,吧,一起,出發,要,談,婚論,嫁,珍惜,花樣年華,要,　立業,成家,珍惜,心,中,的,她,要,談,婚論,嫁,珍惜,花樣年華,要,　立業,成家,珍惜,心,中,的,她,雪,/,我,願意,等待,我,愛,的,他,大聲,說出,我,心,底,話,我,願意,等待,我,愛,的,他,大聲,說,我,心,底,話,我,愛,他,直,/,不管,代價,也,要,帶,我,愛人,回家,今夜,都,是,傻瓜,我們,只,說,著,一,句,傻話,我,愛,她,預備好,啦,預備好,啦,今晚,誰,都,說,我,愛,他,為甚麼,你,對,我,說謊,為甚麼,你,要,對,我,背叛,為甚麼,你,這樣,善忘,我,為,你,抓狂,我,是,匹,瘋狂,的,豺狼,比不上,他,家,裏,的,寶藏,破籠,裏,是,甚麼,風光,你,陪,他,來,看,為甚麼,我,最,愛,的,你,忍心,看,著,我,跌進,谷底,當,他,親吻,著,你,我,也,無能為力,我,的,自卑,不留餘地,明白,我們,之間,的,距離,就,讓,笨笨,笨愚蠢,的,我,放棄,自己,想,你,愛,我,不自量力,命運,對,我,要,玩,啥,把戲,想念,你,惱恨,你,越,想,你,心,中,越,生氣,我,愛,你,你,愛,他,荒謬,遊戲,跳,我,也,來,跳,你,也,來,跳,還,有,甚麼,事情,大不了,男,的,在,叫,女,的,在,笑,一,秒,一,分,快樂,的,跑掉,柳媚,花嬌,玫瑰,花俏,滿,天,的,星星,也,在,飄,花兒,知道,你,的,需要,只要,你,心花怒放,開,了,竅,最,重要,飄過,了,香檳,的,氣泡,綻放,的,花兒,知,多少,響起,了,熱鬧,的,歡笑,不,為,那,酸掉,的,葡萄,為了,今宵,坐牢,不,是,作夢,時間,過,得,特別,慢,坐牢,不,是,交往,不,是,請客,去,吃飯,不必,害怕,孤單,我們,會,守候,在,旁,你,有,甚麼,不滿,我們,會,對,你,為難,虐待,囚犯,拿,你,來,玩,我們,最,在,行,監牢,裏面,休想,造反,我,比,你,還,爛,囚犯,只是,囚犯,憑,甚麼,多愁善感,怎麼,給,你,好看,我們,四,個,響噹噹,坐牢,是,個,受苦,遊戲,沒,人,比,我,強,坐牢,可以,享受,提心吊膽,別,沮喪,鍛煉,你,的,健康,有,一,餐,沒有,一,餐,擁抱,你,的,監牢,比,大家,的,心,骯髒,不要,祈望,因為,你們,絕對,會,失望,不,怕,失明,因為,面前,根本,沒有,光,囚犯,只是,囚犯,憑,甚麼,多愁善感,怎麼,給,你,好看,我們,四,個,響噹噹,四面,圍牆,沉默,回應,內心,的,控訴,上面,鐵窗,無情,守,著,自由,的,墳墓,活,著,好像,牲畜,感覺,被,空間,麻木,青春,都,被,辜負,忘,了,時間,的,長度,聽,著,呻吟,想像,越,走,越,遠,的,幸福,想起,從前,看,不,到,那,痛苦,的,結束,囚犯,只是,囚犯,還,講,甚麼,怕,孤獨,窗口,小,得,可惡,卻,是,眼睛,的,出路,月亮,你,看,著,我們,受苦,倘若,連,你,也,不屑一顧,又,何必,再,傾訴,把,苦水,帶進,墳墓,放棄,這,個,肉身,的,包袱,飛上,天河,自由,跳舞,問,那,明月,我,是否,無辜,這,不,是,人間,所,能夠,忍受,的,痛苦,監牢,不能,決定,一,個,人,死,有餘,辜,約束,就,是,約束,輸,了,人生,的,賭徒,偷生,只,能,忍辱,我,賤命,誰,在乎,紅,絲巾,紅裙,紅,笑臉,心,在,燒,思念,在,蔓延, 燈,滅,了,我,都,看得,見,你,黑白分明,一,雙,眼,想,忘記,卻,又,更,想念,愈,想念,我,無法,入眠,沒有,你,還,有,甚麼,在,身邊,分開心,　甘情願,為何,又,魂縈夢,牽,一絲絲,一點點,你,的,記憶,一聲聲,一句句,浮現,心,底,怎麼,捨得,你,就,這樣,永遠,分離,愛,一生,差,一線,不能,一起,等,一,天,等,一,年,忘掉,自己,卻,忘不了,你,說,放棄,但,深,愛,你,不,見面,情,也,不,改變,不,改變,卻,不能,再見,失去,你,等於,失去,了,明天,我,已,生,無可戀,從,今,我,渡,日,如,年,在,這裏,我,像,一,條,狗,在,這裏,捱打,不用,理由,在,這裏,我,抬,不,起,頭,人生,太,荒謬,在,這裏,不如,一,條,狗,在,這裏,尊嚴,不及,飯,一,口,在,這裏,心,中,的,火,燃燒,著,我,的,血肉,該,看,的,都,己經,看透,我,的,耐性,己,到,了,盡頭,豁出去,我,反正,早,己,一無所有,終於,爆發,一,場,惡鬥,狗臉,的,歲月,裏,一早,受,夠,一起,走走,走,不管,受,過,甚麼,咀咒,反正,一生,不會,出頭,不能,回頭,只好,緊握,拳頭,我,忍夠,我,捱,夠,我,受,夠,怎麼,還,不,夠,怎能夠,讓,我,不,狂叫,怒吼,感情,難免,會,碰到,困難,過程,難免,有,一些,傷感,過後,想來,才,會,盪氣迴腸,出口,的,路,不一定,平坦,白日,的,天,不一定,晴朗,淚水,就,是,浮起來,的,力量,受,過,挫敗,才,能,成為,一,條,好漢,一聲不吭,告訴,世界,你,有,多,堅強,總,有,一些,人,為,你,帶來,希望,總,有,一些,事,讓,你,心頭,一,暖,就,是,這,團,火,就,是,這,點,光,讓,你,忘,了,黎明,之前,的,黑暗,總,有,一,個,人,值得,你,去,盼望,別,讓,一直,守候,你,的,人,失望,往事,留心,中,當,下放,兩旁,眼睛,向,前,看,狼,原來,前路,總會,不,平坦,原來,白天,也,會,有,晦暗,淚水,流過,了,才,能,有,力量,受,過,挫敗,才,能,成為,一,條,好漢,一聲不吭,告訴,世界,我,有,多,堅強,總,有,一些,人,為,你,帶來,希望,總,有,一些,事,讓,你,心頭,一,暖,就,是,這,團,火,就,是,這,點,光,讓,你,忘,了,黎明,之前,的,黑暗,總,有,一,個,人,值得,你,去,盼望,別,讓,一直,守候,你,的,人,失望,往事,留心,中,當下,放,兩旁,眼睛,向,前,看,如果,玫瑰,可以,頑強,的,開,想,你,的,日子,總,能,堅持,下來,如果,你,還,活,在,我,的,腦海,我,有,甚麼,理由,走開,時間,慢慢,變成,塵埃,落在,我,臉龐,等待,淚水,把,它,漂白,曾經,受,過,了,多少,傷害,都,只,為了,證明,愛,的,存在,我,等待,(,我,不,怕,),再,等待,有,一,天,你,會,再,活過來,花兒,笑,花兒,開,比,我,的,眼淚,流,得,更,快,只,想,我,醒,不,來,你,在,我,夢,裏,談,個,戀愛,不,怕,一等,再,等,等,頭髮,班,白,你,陪,我,走過,那,寧靜,的,海,如果,春天,去,了,可以,重來,等,你,的,日子,還,算,甚麼,悲哀,如果,寵物,能,守候,它,主人,我,又,怎麼,捨得,離開,愛,著,你,想,著,你,你,就,會,真的,活,著,回來,花兒,笑,花兒,開,有,了,你,世界,充滿,色彩,這,是,你,就,是,你,要是,夢別,讓,我,醒過來,只要,愛,在,人,在,甚麼,都,可愛,不,枉,我,滿心,的,期待,把,所有,貨物攤出來,小買,賣開,張心,也,開,東西,會,變壞,我,不,壞,我,作,買賣,不,出賣,我,的,愛,簡簡單單,的,愛,就,是,最,漂亮,清茶,淡飯,吃,來,感覺,特別,香,男女,老少,工作,勤快,不,怕,胖,夫妻,相親,也,相愛,一,對,一,雙,有,愛,的,人,心,裏,總會,有,方向,天地,再,大,也,不,慌,平凡,的,人,也,會,擁有,這,力量,總,讓,枯燥,的,生活,充滿,夢想,貧窮,但是,自由自在,販賣,的,生涯,很,精彩,有情人,一起,不,怕,捱,不會,對,金銀珠,寶亂,崇拜,如果,你,也,相信,簡單,是,漂亮,你,會,看到,飄雪,停泊,的,夢鄉,男男女女,都,有,不,老,的,臉龐,花兒,開出,了,翅膀,對對,雙雙,尋愛,的,人,總會,找到,那,方向,地,老,天,也,不會,荒,平凡,的,人,也,會,愛,到,了,瘋狂,總,讓,不朽,的,天地,帶來,想像,身外之物,隨處,擉擺,賣,心,中,的,情,無,處,不,在, 要,感謝,命運,多,慷慨, 過,簡單,的,生活,都,很,愉快,向,世界,大聲,說,這,就,是,愛,曾經,很,有錢,現在,沒有,臉,再,出席,大,場面,真,可憐,可,我,上流人,走下坡路,論氣派,還是,不,減,當年,其實,我,最,討厭,殺價,為,兩,毛,錢,我,是,貴婦,出身,只,習慣,捐獻,有,頭,有,面,錢包,不大,方便,對,珠光寶氣,還,有,權,發言,富太,誰,怕,人,白,眼,不,敢,再,消遣,搞,到,狹路,相逢,不,見面,風霜,的,容顏,哪來,的,天,?,破,衣裳,穿出來,當,表演,甚麼,讓,我,的,好,姊妹,都,改變,沒有,錢,老,又,賤,真的,討人厭,過去,愛,獻現在,躲,在,一,邊,金銀,帶來,親戚,朋友,和,纏綿,金錢,的,錢,遇見,白金,的,白　,一眼,看到,教,我,心,也,開,哈,哈哈 ,金錢,的,錢,放,在,口袋,的,袋,膚淺,到,男女,都,在,期待,向,錢,看,就,會,相,親愛,相,親愛,就,會,生,小孩,小孩,吃飽,了,就,可愛,心肝寶貝,買下來,向,錢,看,就,會,相,親愛,我,和,錢,最,合拍,有,了,錢,就,吃,得,開,真愛,自然,在,沒有,錢,就,沒有,愛,金婚,銀婚,離,不,開,晨光,不,起,　月,暗星移,只,因為,想念,你,從,今天,起,到,天,枯寂,只,能,為,你,悲泣,身體,靈魂,全,都,屬於,你,還,有,來生,也,要,在一起,變作,雪花,我,費盡,力氣,都,想,飄到,你,懷裏,身體,靈魂,全,都,屬於,你,你,的,一切,仍,活,在,我,心,底,我,答應,你,相遇,在,下,輩子,裏,唯一,的,愛,是,你,花,已,枯萎,花瓣,將,往,哪,一,邊,飛,夢,中,想起,了,誰,醒來,對不起,誰,我,愛,著,誰,夢,醒,心灰,明明,眼見,她,的,憔悴,我,也,不能,挽回,不能,代,她,受罪,無法,不,慚愧,我,在,向,哪,一,方,望穿,秋水,再,遇見,她,她,要,甚麼,我,都,給,還,有,身旁,的,她,曖昧,的,一,對,蜻蜓點水,耐人尋味,到底,是,誰,愛,誰,到底,是,誰,欠,誰,朦朦朧朧,想起,的,過去,依然,是,絕對,到底,想清楚,沒,到底,愛,清楚,沒,如何,作,這,決定,我,會不會,曾經,刻意,閉上,雙眼,將,就,了,就,當事,過境,遷, 糊塗,地,跟,他,遠走,天,邊, 成,全,家,裏,的,體面,曾經,聽到,你,死去,的,流言,沒,勇氣,查證,是否,謊言,為甚麼,我,會,那麼,容易,被,他,欺騙,生死,的,諾言,沒,面目,再,說,一,遍,低下,頭,見面,倒不如,思念,但願,我,可以,放棄,現在,一切,又,回到,從前,再次,和,你,手,牽,著,手,相愛,每,天,怎樣,才,可以,改變,所有,鑄成,的,錯重,來,一,遍,想,和,你,一起,只是,我,已,有口,難,辯,(,他,和,這,房子,我,都,希望,不,曾,出現,),曾,想,過,陪,你,離開,人間,卻,痛恨,自己,沒,堅持,主見,手,中,的,提琴,不會,欺騙,一聲聲,訴說,懷念,曾,以為,住在,湖水,旁邊,就,等於,兌現,過去,誓言,而,最,錯,就,是,嫁給,了,他,悔恨,交,煎,你,的,心,到底,屬於,誰,你,的,眼,依然,為,他,流淚,你,看,你,讓,我,的,心血,全部,都,浪費,我,對,你,恨入,了,骨髓,我,一生,給,你,謊言,連,累,我,的,他,不管,生,和,死,也,陪,他,一起,飛,你,知道,我,有,多,愛,你,你,卻,為,舊情人,而,心碎,沒有,他,只有,我,陪,你,活,著,受罪,我,的,人,為,你,而,枯萎,我,的,心,一樣,為,他,明媚,你,看,你,難道,你,以為,我們,有,機會,我,對,你,愛,到,了,骨髓,我,一生,一樣,給,你,連累,我,得到,感情,的,傀儡,卻,心如死灰,你,知道,我,不,曾,愛,你,你,卻,逼,我,遠離,他,範圍,我,愛,你,你,愛,他,這,一,場,誤會,明明,是,我,一廂情願,對,你,的,愛,不能,挽回,只有,恨恨,恨恨,到,我,不,覺得,自卑,我,的,心,已,死如歸,只是,痛恨,你,的,所作所為,你,以為,我,不會,你,以為,能,遠走高飛,我,愛,他,我,恨,你,永,不,後悔,她,在,世界,上,最後,的,照片,我,嚇一跳,那麼,像,我,的,臉,然後,我,才,發現,是,你,無名指,長情,的,曲線,一,段,感情,能,有,幾,個,十,年,感謝,你,讓,我,快樂,過,的,每,一,天,站,在,你,身邊,活,在,她,影子,裏面,是,錯誤,的,時間,沒,對錯,的,迷戀,為了,回憶,我,把,感情,當,實驗,你,對,她,的,想念,化成,對,我,的,纏綿,我,為,我們,可憐,說,再見,不,再,見,生離,讓,你,眷戀,死別,卻,搶走,你,的,思念,說,再見,不,再,見,生命,是,場,消遣,快樂,過,的,人,不用,道歉,不,再,見,又,再見,紅,玫瑰,一,雙,眼,犧牲,自己,陪,你,想,當年,兩,個,世界,的,人,藕斷絲,連,起初,一定,是,命運,好心,的,哄騙,在,你,的,身邊,守候,耳語,的,流言,愛,你,讓,你,更,迷戀,從前,林憶蓮,我,怕,來不及,我,要,抱,著,你,直到,感覺,你,的,皺紋,有,了,歲月,的,痕跡,直到,肯定,你,是,真的,直到,失去,力氣,為了,你,我,願意,動,也,不能,動,也,要,看,著,你,直到,感覺,你,的,髮線,有,了,白雪,的,痕跡,直到,視線,變,得,模糊,直到,不能,呼吸,讓,我們,形影不離, ＃,如果,全,世界,我,也,可以,放棄,至少,還,有,你,值得,我,去,珍惜, 　,而,你,在,這裡,就是,生命,的,奇蹟, 　,也許,全,世界,我,也,可以,忘記,就是,不,願意,失去,你,的,消息, 　,你,掌心,的,痣,我,總,記得,在,那裡,我們,好不容易,我們,身不由己,我,怕,時間,太,快,不,夠,將,你,看,仔細,我,怕,時間,太,慢,日夜,擔心,失去,你,恨不得,一,夜,之間,白頭,永,不,分離, Repeat ＃ ,在,那裡,在,那裡,我,從來,不會,忌妒,愛,過,了,就,認輸,開始,只是,為了,結束,就,讓,他,給,你,祝福,我,以為,你,假裝,毫不,在乎,沒,人,說,你,罪無可恕,我,不,哭,你,為,誰,而,哭, ＃,我,愛,你,愛,你,愛,到,我,不,計較,愛情,的,長度, 　,忘記,我們,親吻,的,次數,回憶,就,沒有,痛苦, 　,說,再見,再見,已,是,我,能,給,你,最後,的,禮物, 　,看,著,你,比,從前,快樂,是,我,最,深,最,大,最,好,的,滿足, 　,嗚,～,嗚,好,殘酷,你,是,過客,的,信徒,愛,久,了,就,盲目,陪,不,一樣,的,人,漫步,才,有,完整,的,幸福,我,以為,你,假裝,毫不,在乎,沒,人,說,你,罪,無,可恕,我,不,哭,你,為,誰,而,哭,別,哭," Repeat ＃ 
",別,流淚,因為,我,不配,對,你,不,夠,好,離開,我,你,感情,不用,白費,所謂,傷悲,只是,對,我,徒然,的,恭維,別,把,這,故事,想,得,完美,除了,愛,我,什麼,都,給,所謂,愛,是,一,場,誤會,我們,犯錯,變成,了,一,對,偶爾,間,睡,一,個,覺,喝,杯,咖啡,就,完成,了,約會,空虛,需要,安慰,而,你,需要,我,我,卻,不,知道,我,需要,誰,我,做,不,到,赤裸,的,面對,而,問心無愧,來去,的,後悔,早,來,的,憔悴,無用,的,安慰,我們,都,不配,因為,放開,我,是,你,尋找,快樂,的,機會,因為,我們,的,愛,僅有,的,愛,濃,不過,那,杯,咖啡,所謂,愛,是,一,場,誤會,我們,犯錯,變成,了,一,對,偶爾,間,睡,一,個,覺,喝,杯,咖啡,就,完成,了,約會,空虛,需要,安慰,而,你,需要,我,我,卻,不,知道,我,需要,誰,我,不,是,你,想像,中,完美,所謂,愛,是,一,場,誤會,我們,犯錯,變成,了,一,對,偶爾,間,睡,一,個,覺,喝,杯,咖啡,就,完成,了,約會,寂寞,的,心,需要,安慰,而,你,需要,我,我,卻,不,知道,我,需要,誰,我,做,不,到,赤裸,的,面對,而,問心無愧,我,不,想,虛偽,只,怕,對不起,也,不一定,配,你,的,愛,那麼多,怎麼,會,不明,下落,誰,分開,就,逃脫,千萬,別,羨慕,太多,你,的,愛,比,一,個,大,城市,的,人,還,多,也,能,容納,任性,的,我,偶而,小小,的,錯, ＊,就,讓,這樣,一,場,風波,摩擦出,回憶,的,泡沫, 　,是,我,對,你,認識,太少,還是,我,自己,想,的,太多, ＃,最愛,你,的,是,我,否則,你,怎麼,讓,我, 　,否則,我,怎麼,可能,赴湯蹈火,你,說,什麼,都,做, 　,你,最,愛,的,是,我,還,以為,差一點,走火, 　,卻,帶來,屬於,我,兩,個,的,煙火,美,的,我,沒,話,說,一,個,人,是,快活,兩,個,人,才,是,生活,兩,個,人,都,寂寞,倒不如,一起,寂寞,冰淇淋,融化,在,一,個,嘴唇,的,閃躲,這麼多,的,路,都,走過,怎能,捨得,剩下,我, Repeat ＊,",","＃ 
",該,走,的,路,誰,說,過,一定,平坦,起起落落,練就,的,翅膀,能,飛越,時代,一直,領導,方向, ＊,有,這,土壤,就,有,這樣,的,好漢,把,那,黑暗,的,天空,帶來,陽光,往事,留心,中,眼睛,向,前,看,遇上,多少,阻礙,一聲不吭,為,平凡,的,世界,留下,不,平凡,這,一,條,路,就,叫,堅強,還,多,得,一,路,上,的,困難,揹,著,萬千,人,的,希望,緊握,自己,理想,成為,了,一,道,擋不住,的,力量,＊ ＃,不管,多,苦,只要,堅強,你,一定,可以,活,得,漂亮,過去,流傳,蕩氣,迴腸,今天,我們,期盼,未來,的,燦爛,＃ REPEAT ＊,",",＃,(,x2,),影迷,國語版,你,愛,穿,得,一,身,黑黑,的,你,小小,的,背包,挺,可愛,的,在,名,店,看,別人,買穿,的,像,一,個,孤獨,的,旅客,你,的,情緒,屬於,深藍色,我,像是,一,個,寂寞,的,記者,為何,對,你,一直,追蹤,偷拍,著,我,想,不,是,巧合,模特兒,模特兒,你,沒有,表情,的,眼神,是,為甚麼,有,甚麼,發生,了,笑,一,個,笑,一,個,你,臉龐,一,秒,之間,有,萬,種,臉色,你,的,笑容,呢,到,最後,我們,會,認識,的,那時,我們,踩,著,自行車,然後,沒有,新,衣服,又,算,甚麼,我,已經,是,你,的,模特兒,模特兒,你,沒有,表情,的,眼神,是,為甚麼,有,甚麼,發生,了,笑,一,個,笑,一,個,你,臉龐,一,秒,之間,有,萬,種,臉色,你,的,笑容,呢,模特兒,模特兒,有,一,天,我,會,給,你,需要,的,快樂,可,你,的,笑容,呢,笑,一,個,笑,一,個,我,將,你,所有,形象,弄成,紀念冊,我,是,你,記者,你,是,我,模特兒,Shall We Talk ,小叮噹,不,愛,回家,喫飯,寧願,在,大安,公園,捉迷藏,看,明月光,低頭,不,思,故鄉,寧願,看,漫畫,不,聽,媽媽,的,評彈,孩子,們,只,會,貪玩,父母,都,只,會,期望,為什麼,天南地北,不能,互相,體諒,蟋蟀,對著,螳螂,有,什麼,東西,好說, shall we talk shall we talk ,好像,過去,牽,著,手,去,上,學堂, # ,請,你,說,我們,為何,變成,陌路人,的,模樣,請,你,說,還,有,什麼,比,沈默,更,難堪,難道,互相,隱藏,就,能,避免,了,失望,表白,有,什麼,可怕,請,你,不,怕,為難,不要,拐彎,屏幕,閃亮,兩,個,人,一起,看,什麼,都,不,談,只,敢,打,著,官腔,情侶,的,晚餐,白開水,一樣,淡,寧願,面對,著,一,部,電腦,無,事,忙,情侶,都,善於,說謊,大人,都,會,向,錢,看,為什麼,天南地北,不能,互相,體諒,蟋蟀,對著,螳螂,有,什麼,東西,好說, shall we talk shall we talk ,好,讓,我們,重新,認識,別,隱瞞, Repeat # ,請,你,說,請,你,說出,心,裡,難以,承受,的,傷,不能,說,除非,我們,早已,忘記,了,愛,的,力量,聊天,只,能,假裝,表情,需要,勉強,何必,把,這,種,遺憾,帶到,未來,的,天堂,天黑黑,孩子,不,在,身旁,都,跑到,外面,幹活,愛,吃,便當, and shall we talk ,只有,樹葉,搖晃,沈默,到,聽,得,見,那,如,歌,的,行版,我,以為,要是,唱,得,用心良苦,你,總會,對,我,多點,在乎,我,以為,雖然,愛情,已,成,往事,千言萬語,說出來,可以,互相,安撫,期待,你,感動,真實,的,我們,難,相處,寫,詞,的,讓,我,唱出,你,要,的,幸福,誰,曾經,感動,分手,的,關頭,才,懂得,離開,排行榜,更,銘心刻骨,我,已經,相信,有,些,人,我,永遠,不必,等,所以,我,明白,在,燈火,闌珊,處,為什麼,會,哭,你,不會,相信,嫁給,我,明天,有,多,幸福,只,想,你,明白,我,心甘情願,愛,愛,愛,愛,到,要,吐,那,是,醉生夢死,才,能,熬成,的,苦,愛,如,潮水,我,忘,了,我,是,誰,至少,還,有,你,哭,我,想,唱,一,首,歌,為,我們,祝福,唱完,了,我,會,一,個,人,住,我,願意,試,著,瞭解,從此,以後,擁擠,的,房間,一,個,人,的,心,有,多,孤獨,我,已經,相信,有,些,人,我,永遠,不必,等,所以,我,明白,在,燈火,闌珊,處,為什麼,會,哭,你,不會,相信,嫁給,我,明天,有,多,幸福,只,想,你,明白,我,心甘情願,愛,愛,愛,愛,到,要,吐,讓,我,斷,了,氣,鐵,了,心愛,的,過火,一,回頭,就,找到,出路,讓,我,成為,了,無情,的,Ｋ,歌,之,王,麥克風,都,讓,我,征服,想不到,你,若無其事,的,說,這樣,濫情,何苦,我,想來,一,個,吻別,作為,結束,想不到,你,只,說,我,不許,哭,不,讓,我,領悟,相約,在,一,個,適合,聊天,的,下午,分開,很多,年,滿以為,沒有,包袱,我,還,打算,回顧,我們,為何,結束,還,想,問,你,是,不,是,一,個,人,住,當,你,的,笑容,給,我,禮貌,的,招呼,當,我,想,訴說,這些,年,來,的,感觸,你,卻,點,了,滿,桌,我,最愛,的,食物,介紹,我,看,一,本,天文學,的,書, #,我,想,哭,不,敢,哭,難道,這,種,相處,  ,不,像,我們,夢寐以求,的,幸福,  ,走下去,這,一,步,是,寬容,還是,痛苦,  ,我,想,哭,怎麼,哭,完成,愛情,旅途,  ,談天說地,是,最,理想,的,出路,  ,談,音樂,談,時事,不,說,愛,  ,若無其事,原來,是,最,狠,的,報復,當,我,想,坦白,我們,的,樂,多於,苦,你,說,水星,它,沒有,衛星,好,孤獨,我,才,明白,時間,較,分手,還,殘酷,老朋友,了,再,沒,資格,不,滿足, Re #x2 ,若無其事,原來,是,最,狠,的,報復,如果,那,兩,個,字,沒有,顫抖,我,不會,發現,我,難受,怎麼,說出口,也,不過,是,分手,如果,對於,明天,沒有,要求,牽牽,手,就,像,旅遊,成千上萬,個,門口,總,有,一,個,人,要,先,走, ＊,懷抱,既然,不能,逗留,　何不,在,離開,的,時候,一邊,享受,　一邊,淚流, ＃,十,年,之前,我,不,認識,你,你,不,屬於,我,我們,還是,一樣, 　,陪,在,一,個,陌生人,左右,走過,漸漸,熟悉,的,街頭, 　,十,年,之後,我們,是,朋友,還可以,問候,只是,那,種,溫柔, 　,再,也,找,不,到,擁抱,的,理由,情人,最後,難免,淪為,朋友,＊ Repeat ＊,",",＃ ,直到,和,你,做,了,多,年,朋友,才,明白,我,的,眼淚,不,是,為,你,而,流,也,為,別人,而,流,天,快,亮,了,你,的,心,呢,他,曾經,屬於,我,的,我,該,走,了,你,的,手,呢,有,沒有,一點點,捨不得,每,一,件,不得不,放手,的,玩具,總算,帶來,過,快樂,每,一,段,不得不,完結,的,關係,只,是,一,種,選擇,如果,美好,記憶,還,算,難忘,為什麼,還,會,記得,悲傷,不如,這樣,我們,一直,擁抱,到,天亮,如果,關懷,是,種,補償,還,有,什麼,不能,原諒,倒不如,這樣,我們,回到,擁抱,的,現場,證明,感情,總是,善良,殘忍,的,是,人,會,成長,來,的,來,了,走,的,走,了,我們,還,要求,什麼,你,是,我,的,我,是,你,的,只,是,一,首,太,溫柔,的,歌,如果,美好,記憶,還,算,難忘,為什麼,還,會,記得,悲傷,不如,這樣,我們,一直,擁抱,到,天亮,如果,關懷,是,種,補償,還,有,什麼,不能,原諒,倒不如,這樣,我們,回到,擁抱,的,現場,證明,感情,總是,善良,殘忍,的,是,人,會,成長,不如,這樣,我們,一直,擁抱,到,天亮,如果,關懷,是,種,補償,還,有,什麼,不能,原諒,倒不如,這樣,我們,回到,擁抱,的,現場,證明,感情,總是,善良,殘忍,的,是,人,會,成長,躺,在,病床,上,動,與,不,想,動,看,著,螢幕,上,的,臉孔,有,個,陌生人,出現,不,夠,一,分鐘,他,拿,著,一,件,斗蓬,扮演,著,一,條,龍,他,帶,著,一,臉,笑容,演活,平凡,的,夢,到底,他,的,名字,他,的,生活,普通,不,普通,沒,人,懂,感謝,陌生人,陪,我,偏頭痛,漂洋過海,帶來,笑容,寂寞,天地,中,成為,我,的,大,英雄,他,能夠,讓,我,感動,誰,管,他,紅不紅,他,知道,自己,有用,誰,管,窮不窮,到底,他,的,過去,他,的,未來,成功,不,成功,沒,人,懂, #,管,他,頭痛,不,頭痛,(,有,人,這樣,努力,我,只,覺得,光榮,),我,的,頭痛,不再,痛,(,能夠,生存,就,有恃無恐,),苦痛,說,了,沒,人,懂,(,愛人,沒有用,我,一樣,很,有用,),我,想,什麼,沒,人,懂,(,沒有,人,歌頌,總,有,人,被,感動,),不,具名,的,演員,不管,有,沒,有,觀眾,謝謝,儂 ,好萊塢,是,演員,們,的,美,夢,亮,著,太,遙遠,的,彩虹,可能,來自,小胡同,的,他,看,不,懂,他,能夠,讓,我,感動,誰,管,他,紅不紅,他,知道,自己,有用,誰,管,他,窮不窮,到底,他,的,過去,他,的,未來,成功,不,成功,沒,人,懂,.,.,沒,人,懂,一九九五年,我們,在,機場,的,車站,你,借,我,而,我,不,想,歸還,那,個,背包,載滿,紀念品,和,患難,還,有,摩擦,留下,的,圖案,你,的,背包,背,到,現在,還,沒,爛,卻,成為,我,身體,另,一半,千金,不,換,它,已,熟悉,我,的,汗,它,是,我,肩膀,上,的,指環,背,了,六,年,半,我,每,一,天,陪,它,上班,你,借,我,我,就,為,你,保管,我,的,朋友,都,說,它,舊,得,很,好看,遺憾,是,它,已,與,你,無關, #,你,的,背包,讓,我,走,得,好,緩慢,終,有,一,天,陪,著,我,腐爛,你,的,背包,對,我,沉重,的,審判,借,了,東西,為什麼,不,還, Repeat all # ,借,了,東西,為什麼,不,還,我,的,愛人,不理,我,可是,這,世界,怎麼說,兩,個,人,不能夠,在一起,一定,是,男,的,那,個,有,錯,我,什麼,都,願意,做,有,什麼,委屈,也,不,選擇,反駁,寧願,找,男生,借,個,肩膀,難聽,的,話,更多, #,一直,保持,沉默,會,認為,你,懦弱,怎麼,做,就,怎麼,錯,好,女人,不,好過,壞,男人,有,錯,好,男人,不,好,做,是,不,是,整,個,社會,的,錯,女朋友,離開,我,我,還要,生活,難道,我,跟,她,比賽,難過,原諒,我,剛,喝,過,講,得,太,刻薄,(,活該,我,不,敢,寂寞,),年紀,不能,比,她,小,好奇,的,人,會,有,話,說,但是,錢,要,賺,的,比,她,多,否則,人家,會,嫌,你,淪落,有,義務,陪,女朋友,可是,又,沒有,權利,放棄,工作,要,運氣,事業,有點,收穫,沒,時間,說,承諾, Repeat # # ,誰,都,沒有,錯,我,喝,了,太多,拿,著,古董,的,筷子,捕捉,呻吟,的,蚊子,剝開,燙手,的,栗子,給,你,幸福,的,種子,沒有,預訂,的,日子,看,著,你,的,樣子,沒有,節目,的,日子,才,是,好,日子,看,著,我們,的,影子,想像,未來,的,孩子,蓋,個,半,坪,的,房子,臉孔,貼,著,你,鼻子,沒有,手機,的,日子,鎖住,你,的,脖子,沒有,手機,的,日子,才,能,這樣子, #,你,是,我,牽,著,手,在,原始,森林,的,猿人,娘子,你,是,我,牽,著,手,在,原始,森林,的,猿人,娘子,你,是,我,牽,著,手,在,原始,森林,的,猿人,娘子,沒有,手機,的,日子,不會,出亂子, Oh Yeah ,沒有,手機,的,日子,過,這,一,輩子,沒有,手機,的,日子,鎖住,你,的,脖子,沒有,手機,的,日子,才,能,這樣子," Alright Repeat # 
",嘿,我,不,需要,不,需要,屬於,我,的,一切,這,世界,只,懂,寵壞,你,都,得,不,到,得,不,到,我,真正,想要,的,那些, YEAH ,愛,你,的,朋友,寵,你,的,父母,還,有,你,那些,二,人,浪漫,的,夜,要,(,我,要,),就,要,你,的,消滅,我,擁有,的,一切,一,件,不赦,我,想要,就,要,你,的,為了,不,讓,你,那麼,特別,就,讓,我,跟,你,沒有,分別, YEAH ,不能,識別,(,我,要,你,的,一切,我,要,你,的,一切,我,要,你,的,一切,),嘿,我,從來,沒,擁有,過,我,心愛,的,一切,因為,是,你,的,我,才,要,要,你,的,臉,你,的,眼,要,你,的,家庭,和,事業, YEAH ,你,送,我,球鞋,就,沒有,球鞋,你,有的,我,都,要,有,那,才,轟烈,你,給,我,鑽戒,就,不,愛,鑽戒,我,只要,你,真心,最愛,的,一切,要,就,要,你,的,這,是,個,嫉妒,的,世界,不用,膽怯,所以,要,就,要,你,的,要,你,捱,更,抵夜,的,心血,要,我們,兩,個,沒有,分別, YEAH ,不能,識別, YEAH ,(,我,要,你,的,一切,我,要,你,的,一切,不,愛,我,的,一切,),想起,我,不,完美,你,會不會,逃離,我,生命,的,範圍,想,著,你,的,滋味,我,會不會,把,這,個,枕頭,變,得,甜美,想起,白天,的,約會,忘,了,晚上,的,咖啡,只,怕,感情,如,潮水,遠離,我,夢,中,的,堡壘,一,個,人,失眠,全,世界,失眠,無辜,的,街燈,守候,明天,幸福,的,失眠,只是,因為,害怕,閉上,眼,如何,想,你,想到,六點,如何,愛,你,愛,到,終點,想起,我,的,時候,你,會不會,好像,我,一樣,不能,睡,想像,你,的,曖昧,我,會不會,數,不,到,綿羊,一,雙,一,對,想起,白天,的,約會,忘,了,晚上,的,咖啡,只,怕,感情,如,潮水,遠離,我,夢,中,的,堡壘,一,個,人,失眠,全,世界,失眠,無辜,的,街燈,守候,明天,幸福,的,失眠,只是,因為,害怕,閉上,眼,如何,想,你,想到,六點,一,個,人,失眠,全,世界,失眠,幸福,的,失眠,只是,因為,害怕,閉上,眼,如何,想,你,想到,六點,如何,愛,你,愛,到,終點,如何,愛,你,愛,到,終點,對,我,好,對,我,好,好,到,無路可,退,可是,我,也,很,想,有,個人,陪,才,不,願,把,你,得罪,於是,那麼,迂迴,一時,進,　一時,退,保持,安全,範圍,這,個,陰謀,讓,我,好,慚愧,享受,被,愛滋味,卻,不,讓,你,想入非非, ＊,就,讓,我們,虛偽,有,感情,別,浪費,不能,相愛,的,一,對,親愛,像,兩,兄妹,愛,讓,我們,虛偽,我,得到,於事無補,的,安慰,你,也,得到,模仿,愛上,一,個,人,的,機會,殘忍,也,不失,慈悲,這樣,的,關係,你,說,多,完美,＊ ,眼看,你,看,著,我,看,得,那麼,曖昧,被,愛愛,人,原來,一樣,可悲,為什麼,竟然,防備,別人,給,我,獻媚,不能,退,不能,要,要,了,怕,你,誤會,讓,我,想起,曾經,愛,過,誰,我,所,要,的,她,不,給,好像,小偷,一樣,卑微," repeat ＊ 
",趕著,下班,的,計程車,一,嘯,而,過,下班,後,不,想,回家,的,我,誰,要,理,我,很多,年,之前,我,問,朋友,來,陪,我,有,誰,來,愛,我,買醉,的,時候,你,認識,我,最後,還,一起,生活,為,怕,寂寞,我們,做,了,很多,最,沒空,寂寞,偶遇,你,之後,我,說,想,有,人,愛,我,就,有,人,愛,我,可是,我,不,知道,想要,什麼,不,知道,擁有,什麼,可能,我們,都,寂寞,迎面,一,個,老,尼姑,走過,把,路燈,看破,有,你,在,家,裡,苦等,的,我,難道,比,他,幸福,的,多,現在,不,想,下班,的,我,沒,愛好,難過,有,愛,算,什麼,我,恨,我,我,不,知道,想要,什麼,我,不,知道,擁有,什麼,可能,我們,都,寂寞,走過,馬路,的,我,說,一,個,人,寂寞,兩,個,人,寂寞,可能,我,我,不,知道,擁有,什麼,而,我,又,缺少,什麼,我,害怕,什麼,怕,什麼,我,不,知道,愛,算,什麼,而,我,又,算,什麼,我們,都,寂寞,I am what I am　,我,是,我,多麼,特別,的,我,多,慶幸,大地,有,不只,一,種,足印,神造,世人,種種,色色,都,有,他,公允,我,很,慶幸,站,在,我,屋頂,快樂,做人,拿,著,我,心,告訴,世界,何謂,勇敢, ＊,我,是,什麼,在,十,個,當中,只得,一,個,葡萄園,裡,響起,水仙子,的,讚歌,我,是,什麼,是,萬,世,沙礫,當中,一,顆,石頭,大,這麼多,我,也,會,喜歡,這,個,我,我,很,慶幸,萬物,眾生,中,磊落,做人,懷,著,誠懇,告訴,世界,何謂,勇敢, Repeat＊ ,感激,天生,這,個,我, ---------------------------------------- ,我,(,國語版,), I am what I am ,我,永遠,都,愛,這樣,的,我,快樂,是,快樂,的,方式,不只,一,種,最,榮幸,是,誰,都,是,造物者,的,光榮,不用,閃躲,為,我,喜歡,的,生活,而,活,不用,粉墨,就,站,在,光明,的,角落, #,我,就,是,我,是,顏色,不,一樣,的,煙火,天空,海闊,要,做,最,堅強,的,泡沫,我,喜歡,我,讓,薔薇,開出,一,種,結果,孤獨,的,沙漠,裡,一樣,盛放,的,赤裸裸,多麼,高興,在,琉璃屋,中,快樂,生活,對,世界,說,什麼,是,光明,和,磊落," Repeat# 
",你,出現,像,一,盞,燈,不斷,舞動,閃過,了,我,的,瞳孔,醒過來,原來,沒有,什麼,霓虹,眼睛,卻,有,一點,紅, ＊,我們,什麼,都,不,懂,只,知道,短暫,的,笑容, 　,是,命運,對,我們,善意,的,一,場,戲弄,愛上,你,是,我,最,大,的,光榮,平庸,的,生命,從此,不,普通,告訴,我,多,愛,你,雖然,都,沒有用,也,有,過,一點點,感動,兩,個,人,的,終點,只,有,兩,種,不能夠,停下來,只有,流動,告訴,我,你,發現,沒有,了,我,的,天空,不再,相同,感情,像,一,段,旋律,不斷,煽動,卡住,了,我,的,喉嚨,講,不,出,該,說,的,話,想,做,的,夢,只,剩下,耳,邊,的,風, Repeat ＊ ,愛上,你,是,我,最,大,的,光榮,平庸,的,生命,從此,不,普通,告訴,我,多,愛,你,雖然,都,沒有用,也,有,過,一點點,感動,兩,個,人,的,終點,只,有,兩,種,不能夠,停下來,只有,流動,告訴,我,你,發現,沒有,了,我,的,天空,愛上,我,是,不,是,你,的,光榮,這,回憶,是,不,是,天衣無縫,告訴,我,多,愛,你,雖然,都,沒有用,也,有,過,一點點,感動,我們,的,出路,也,只,有,兩,種,不能夠,開心,也,只有,心痛,答應,我,你,會,在,找,不,到,我,的,天空,等待,彩虹,Tvbs,「,楚留香,(,國語版,),」,主題曲,我,以為,要是,唱,得,用心良苦,你,總會,對,我,多點,在乎,我,以為,雖然,愛情,已,成,往事,千言萬語,說出來,可以,互相,安撫,期待,你,感動,真實,的,我們,難,相處,寫,詞,的,讓,我,唱出,你,要,的,幸福,誰,曾經,感動,分手,的,關頭,才,懂得,離開,排行榜,更,銘心刻骨, ＊,我,已經,相信,有,些,人,我,永遠,不必,等, 　,所以,我,明白,在,燈火,闌珊,處,為什麼,會,哭, 　,你,不會,相信,嫁給,我,明天,有,多,幸福, 　,只,想,你,明白,我,心甘情願,愛,愛,愛,愛,到,要,吐,那,是,醉生夢死,才,能,熬成,的,苦,愛,如,潮水,我,忘,了,我,是,誰,至少,還,有,你,哭,我,想,唱,一,首,歌,給,我們,祝福,唱完,了,我,會,一,個,人,住,我,願意,試,著,瞭解,從此,以後,擁擠,的,房間,一,個,人,的,心,有,多,孤獨, Repeat ＊ ,讓,我,斷,了,氣,鐵,了,心愛,的,過火,一,回頭,就,找到,出路,讓,我,成為,了,無情,的,Ｋ,歌,之,王,麥克風,都,讓,我,征服,想不到,你,若無其事,的,說,這樣,濫情,何苦,我,想來,一,個,吻別,作為,結束,想不到,你,只,說,我,不許,哭,不,讓,我,領悟,劃,火柴,國語版,不用,一,首,歌,的,時間,我,就,愛上,你,音樂,沒,停止,思念,就,開始,如果,愛情,是,個,遊戲,我,願,輸給,你,想不到,等待,是,個,孤獨,的,玩意,我,愛,你,我,愛,你,不過,是,三,個,字,簡單,地,認真,地,嚇壞,了,我,自己,沒,問,你,就,愛,你,我,不,是,最,好,的,對不起,請,你,准,我,高攀,了,你,看,著,你,我,竟然,看不起,自己,遇見,你,竟,沒有,離開,的,權利,有,了,你,之前,的,愛,只是,練習,為,了,準備,更,好,對,你,兩,個,人,抱,在一起,究竟,需要,多少,力氣,上帝,都,不,明白,我,哪裡,來,的,勇氣,無間道,電影,國語,主題曲,不,我,不,願意,結束,我,還,沒有,結束,無止盡,的,旅途,看,著,我,沒,停下,的,腳步,已經,忘,了,身在,何處,誰,能,改變,人生,的,長度,誰,知道,永恆,有,多麼,恐怖,誰,瞭解,生存,往往,比,命運,還,殘酷,只是,沒有,人,願意,認輸,我們,都,在,不斷,趕路,忘記,了,出路,在,失望,中,追求,偶爾,的,滿足,我們,都,在,夢,中,解脫,清醒,的,苦,流浪,在,燈火,闌珊,處,去,不,到,終點,回到,原點,享受,那,走,不,完,的,路,誰,能,改變,人生,的,長度,誰,知道,永恆,有,多麼,恐怖,誰,瞭解,生存,往往,比,命運,還,殘酷,只是,沒有,人,願意,認輸,我們,都,在,不斷,趕路,忘記,了,出路,在,失望,中,追求,偶爾,的,滿足,我們,都,在,夢,中,解脫,清醒,的,苦,流浪,在,燈火,闌珊,處,去,不,到,終點,回到,原點,享受,那,走,不,完,的,路,一,路,上,演出,難得,糊塗,一,路,上,回顧,難得,麻木,在,這,條,情義,無間,的,路,讓,我,像,你,你,像,我,怎麼,會,孤獨,我們,都,在,不斷,趕路,忘記,了,出路,在,失望,中,追求,偶爾,的,滿足,我們,都,在,夢,中,解脫,清醒,的,苦,流浪,在,燈火,闌珊,處,既然,沒,終點,回到,原點,我,想,我們,都,不,.,.,.,不,在乎,無間道,電影,國語,主題曲,我,要,為,我,活下去,也,代,你,活下去,捱極,也,未曾,累,忘掉,我,有沒有,在,陶醉,若,有,未來,依然,要,去,追,生命,太,短,明日,無限,遠,始終,都,不比,永遠,這樣,遠,不,理會,世上,長,路,太多,終點,太少,木馬,也,要,去,繼續,轉圈,明明,我,已,晝夜,無間,踏盡,面前,路,夢想,中,的,彼岸,為何,還,未,到,明明,我,已,奮力,無間,天天,上路,我,不,死,也,為,活,得,好,有,沒,有,終點,誰,能,知道,在,這,塵世,的,無間道,生命,太,短,明日,無限,遠,始終,都,不比,永遠,這樣,遠,不,理會,世上,長,路,太多,終點,太少,木馬,也,要,去,繼續,轉圈,明明,我,已,晝夜,無間,踏盡,面前,路,夢想,中,的,彼岸,為何,還,未,到,明明,我,已,奮力,無間,天天,上路,我,不,死,也,為,活,得,好,有,沒,有,終點,誰,能,知道,在,這,塵世,的,無間道,如何,能,離開,失樂園,　　　　,能,流連忘返,總是,情願,要,去,到,極,樂迢長,路,遠,　　　,吃苦,中,苦,苦,中,苦,　　　　　　　　　,亦,永,不,間斷,明明,我,已,晝夜,無間,踏盡,面前,路,夢想,中,的,彼岸,為何,還,未,到,明明,我,已,奮力,無間,天天,上路,我,不,死,也,為,活,得,好,快,到,終點,才,能,知道,又,再,回到,起點,重頭,上路,我,用,一剎那　,交換,一,個,天長地久,我,用,我,現在,交換,一,個,從此,以後,時間,在,你,雙手, Time to fall in love　,不管,什麼,時候,一,秒,一,個,夢,轉動,愛,的,節奏, Time to fall in love　,不管,上下,左右,一,秒,一,個,吻,一點,也,不,保留, Time is in your hand Take your time Take your time Take you time ,我,聽,著,全,世界,分針,繞過,我,的,胸口,也,不會,看,著,時間,將,你,帶走,看,著,黑夜,白晝,流過,我,的,宇宙,也,不會,讓,你,有,一,秒,的,哀愁," Time to fall in love 
",去,街,國語版,一,個,人,怎麼,會,明白,兩,個,人,的,精彩,擁抱,証明,這,一,雙,手,真實,存在,一,顆,心,不能不,坦白,表情,由,感情,安排,已,來不及,想像,未來,因為,有,一,個,難忘,的,現在,讓,我們,談,一,場,轟烈,的,戀愛,像,任性,的,小孩,讓,我們,每,個,人,都,在,談戀愛,世界,會,變,得,更,自在,一,個,人,怎麼,會,明白,兩,個,人,的,節拍,心跳,証明,這,個,世界,值得,期待,一二三,數,到,一兩百,看,地球,越,轉,越,快,已,來不及,懷念,黑白,因為,有,一,個,彩色,的,現在,讓,我們,談,一,場,轟烈,的,戀愛,像,任性,的,小孩,讓,我們,每,個,人,都,在,談戀愛,豁出去,吻下來,讓,我們,談,一,場,轟烈,的,戀愛,像,任性,的,小孩,讓,我們,每,個,人,都,在,談戀愛,世界,會,變,得,更,自在,越,吻,越,傷心,國語版,眼看,你,的,擁抱,剩下,溫暖,的,指紋,體驗,一,段,感情,如何,變成,了,永恆,我,在,你,的,身,上,找到,自己,寬容,的,靈魂,在,失去,愛,的,時候,學會,該,怎麼樣,愛,一,個,人,以為,你,放棄,我,得到,怎樣,一,個,人,誰,知道,只,換來,一,段,又,一,段,傳聞,如果,只是,為了,不斷,享受,更,純熟,的,吻,是,我,太,單純,還是,你,殘忍,我,為,你,傷心,你,的,世界,沒有,愛情,誰,來,誰,去,都,不,要緊,毫無,所謂,的,高興,我,為,你,傷心,你,不,懂,什麼,叫,愛情,數不清,的,浪漫,對,你,來,說,只,有,一,種,心情,(,只,是,一,堆,背影,),另,一半,國語版,我,需要,一,個,天堂,才,能夠,放下,你,睡,過,的,床,我,需要,　地久天長,才,能夠,忘記,今夜,的,浪漫,如果,你,的,溫柔,像,日出,短暫,就,讓,時針,改變,轉動,的,方向,讓,我們,看,著,天亮,說,晚安,讓,我,知道,你,臉龐,不,是,黑夜,的,夢想,不管,一切,讓,我們,等待,天亮,說,晚安,至少,讓,我,看,明白,你,的,愛,有,多,難忘,我,需要,一,種,信仰,才,能夠,相信,眼前,的,映像,我,需要,一,雙,翅膀,才,能夠,承受,感情,的,重量,玉蝴蝶,國語版, *,所有,眼睛,變成,藍色,所有,頭髮,漂成,白色,只要,你,是,屬於,我,的,我,不會,不,認得,不管,你,的,　樣子,像,什麼,不管,你,的,名字,叫,什麼,千呼萬喚,我,終於,明白,什麼,叫做,快樂,要是,玫瑰,只,有,一,種,鋪展,了,一,天,地,的,紅,愛情,卻,讓,我,看,得,懂,你,和,他們,到底,有,何,不同, *,世界,是,黑白,的,你,是,我,命中,一點,紅,名字,都,沒有用,　樣子,都,沒有用,你,一樣,給,我,獨一無二,的,感動,生命,是,黑白,的,你,是,我,夢,中,一點,紅,擁抱,都,不管,用,親吻,都,不管,用,只要,我,想起,愛,過,你,那,一,陣,痛,美,得,天地,不容,* Repeat Once ,一切,看,在,我,眼,中,像,輪迴,一樣,矇矓,每,個,人,都,很,普通,只有,你,如果,活,著,只,是,一,場,夢,你,一定,是,蝴蝶夢," Repeat * 
",後遺,國語版,是否,不能夠,親密,就,只有,疏離,有,什麼,道理,是否,捨不得,忘記,才,互相,挑剔,再,毀滅,自己,你我,在一起,沒,相愛,的,福氣,總,有,相處,的,勇氣,你我,的,距離,能不能,該不該,保持,一萬,公里,難道,愛,是,一,場,瘟疫,離開,我,就,像,遠離,瘟疫,你,當,我,是,什麼,東西,普通,朋友,都,做不起,是否,沉默,的,空氣,看,不,見,問題,就,沒有,話題,你我,在一起,沒,相愛,的,福氣,總,有,相處,的,勇氣,你我,的,距離,能不能,該不該,保持,一萬,公里,難道,愛,是,一,場,瘟疫,離開,我,就,像,遠離,瘟疫,你,當,我,是,什麼,東西,普通,朋友,都,做不起,誰,要,終身,免疫,怕,什麼,為什麼,不能,做,姐妹,兄弟,怕,什麼,為什麼,不能,換,一,種,關係,難道,愛,是,一,場,瘟疫,離開,我,就,像,遠離,瘟疫,你,當,我,是,什麼,東西,普通,朋友,都,做不起,難道,我,是,你,的,仇敵,離開,我,就,能,保護,自己,不,相愛,有,什麼,關係,連,對不起,都,來不及,不,愛,你,我,罪,大,惡極,拿,我,去,槍斃,Tvbs,「,楚留香,(,國語版,),」,主題曲,我,以為,要是,唱,得,用心良苦,你,總會,對,我,多點,在乎,我,以為,雖然,愛情,已,成,往事,千言萬語,說出來,可以,互相,安撫,期待,你,感動,真實,的,我們,難,相處,寫,詞,的,讓,我,唱出,你,要,的,幸福,誰,曾經,感動,分手,的,關頭,才,懂得,離開,排行榜,更,銘心刻骨, ＊,我,已經,相信,有,些,人,我,永遠,不必,等, 　,所以,我,明白,在,燈火,闌珊,處,為什麼,會,哭, 　,你,不會,相信,嫁給,我,明天,有,多,幸福, 　,只,想,你,明白,我,心甘情願,愛,愛,愛,愛,到,要,吐,那,是,醉生夢死,才,能,熬成,的,苦,愛,如,潮水,我,忘,了,我,是,誰,至少,還,有,你,哭,我,想,唱,一,首,歌,給,我們,祝福,唱完,了,我,會,一,個,人,住,我,願意,試,著,瞭解,從此,以後,擁擠,的,房間,一,個,人,的,心,有,多,孤獨, Repeat ＊ ,讓,我,斷,了,氣,鐵,了,心愛,的,過火,一,回頭,就,找到,出路,讓,我,成為,了,無情,的,Ｋ,歌,之,王,麥克風,都,讓,我,征服,想不到,你,若無其事,的,說,這樣,濫情,何苦,我,想來,一,個,吻別,作為,結束,想不到,你,只,說,我,不許,哭,不,讓,我,領悟,另,一半,國語版,我,需要,一,個,天堂,才,能夠,放下,你,睡,過,的,床,我,需要,　地久天長,才,能夠,忘記,今夜,的,浪漫,如果,你,的,溫柔,像,日出,短暫,就,讓,時針,改變,轉動,的,方向,讓,我們,看,著,天亮,說,晚安,讓,我,知道,你,臉龐,不,是,黑夜,的,夢想,不管,一切,讓,我們,等待,天亮,說,晚安,至少,讓,我,看,明白,你,的,愛,有,多,難忘,我,需要,一,種,信仰,才,能夠,相信,眼前,的,映像,我,需要,一,雙,翅膀,才,能夠,承受,感情,的,重量,你,知道,對,你我,總是,那麼,好,愛,過,的,人,都,知道,那,種,苦澀,的,微笑,只是,因為,得,不,到,我,給,了,你,多少,已經,不,重要,大不了,兩,個,人,的,溫柔,一,個,人,消受,你,不用,煩惱,暗戀,的,習慣,驕傲,慚愧,滿足,遺憾,怎麼,能,說,得,完,享受,一廂情願,的,浪漫,不管,你,是否,不以為然,一,個,明,一,個,暗,怎麼,會,孤單,我,想,不會,比,相愛,困難,你,相信,我,的,落寞,只是,湊巧,你,不會,願意,知道,反正,暮暮,與,朝朝,是,我,一,個,睡,不,著,我,給,了,你,多少,已經,不,重要,大不了,愛,到,不可救藥,偷偷,跑掉,有,什麼,不,好,微軟,單曲,國語版,Microsoft,主題曲,黃耀明,/,老狼,眼睛,睜開來,影像,跳進來,有,說,不,出來,的,愉快,陽光,飛進來,雪花,綻開來,沒入,茫茫,人海,嘴吧,張開來,顏色,冒出來,感受,最,真實,的,存在,雨聲,滴下來,情話,接上來,跟,誰人,談戀愛,從來,的,地方,排山倒海,的,來,那麼,明白,明白,沒有,障礙,秒針,掉下來,時光,追上來,會,去到,甚麼,樣,年代,回憶,翻開來,回聲,播出來,叫,人,聽,的,發呆,青紅皂白,無,處,不,在,門窗,推開來,娛樂,按下來,有,說,不,出來,的,愉快,網路,鋪開來,時空,倒過來,叫,人,聽,的,發呆,一轉眼,比,想像,來得,更,快,一瞬間,夢想,就,快,來,一,路,上,比,想像,來得,更,快,一下子,未來,就,快,來,一,輩子,比,想像,來得,更,快,一剎那,會,去到,那裡,微軟,單曲,國語版,Microsoft,主題曲,黃耀明,/,老狼,眼睛,睜開來,影像,跳進來,有,說,不,出來,的,愉快,陽光,飛進來,雪花,綻開來,沒入,茫茫,人海,嘴吧,張開來,顏色,冒出來,感受,最,真實,的,存在,雨聲,滴下來,情話,接上來,跟,誰人,談戀愛,從來,的,地方,排山倒海,的,來,那麼,明白,明白,沒有,障礙,秒針,掉下來,時光,追上來,會,去到,甚麼,樣,年代,回憶,翻開來,回聲,播出來,叫,人,聽,的,發呆,青紅皂白,無,處,不,在,門窗,推開來,娛樂,按下來,有,說,不,出來,的,愉快,網路,鋪開來,時空,倒過來,叫,人,聽,的,發呆,一轉眼,比,想像,來得,更,快,一瞬間,夢想,就,快,來,一,路,上,比,想像,來得,更,快,一下子,未來,就,快,來,一,輩子,比,想像,來得,更,快,一剎那,會,去到,那裡,I am what I am ,我,永遠,都,愛,這樣,的,我,快樂,是,快樂,的,方式,不只,一,種,最,榮幸,是,誰,都,是,造物者,的,光榮,不用,閃躲,為,我,喜歡,的,生活,而,活,不用,粉墨,就,站,在,光明,的,角落,我,就是,我,是,顏色,不,一樣,的,煙火,天空,海闊,要,做,最,堅強,的,泡沫,我,喜歡,我,讓,薔薇,開出,一,種,結果,孤獨,的,沙漠,裡,一樣,盛放,的,赤裸裸,多麼,高興,在,琉璃屋,中,快樂,生活,對,世界,說,什麼,是,光明,和,磊落,我,就是,我,是,顏色,不,一樣,的,煙火,天空,海闊,要,做,最,堅強,的,泡沫,我,喜歡,我,讓,薔薇,開出,一,種,結果,孤獨,的,沙漠,裡,一樣,盛放,的,赤裸裸,我,就是,我,是,顏色,不,一樣,的,煙火,天空,海闊,要,做,最,堅強,的,泡沫,我,喜歡,我,讓,薔薇,開出,一,種,結果,孤獨,的,沙漠,裡,一樣,盛放,的,赤裸裸,孤獨,的,沙漠,裡,一樣,盛放,的,赤裸裸, ----------------------------------------- ,我,(,粵語版,), I am what I am　,我,是,我,多麼,特別,的,我,多,慶幸,大地,有,不只,一,種,足印,神造,世人,種種,色色,都,有,他,公允,我,很,慶幸,站,在,我,屋頂,快樂,做人,拿,著,我,心,告訴,世界,何謂,勇敢, ＊,我,是,什麼,(,我,是,奇蹟,),在,十,個,當中,只得,一,個,葡萄園,裡,想起,水仙子,的,讚歌,我,是,什麼,(,我,是,奇蹟,),是,萬,世,沙礫,當中,一,個,石頭,大,這麼多,我,也,會,喜歡,這,個,我,我,很,慶幸,萬物,眾生,中,磊落,做人,憑著,信心,告訴,世界,何謂,勇敢, Repeat＊ ,感激,天生,這,個,我,全,日,愛,國語版, # ,愛,不,到,萬里長城,那麼,長,就,愛,得,寬廣,像,個,太平洋,擁抱,的,雙手,只有,那麼,短,世界,卻,不只,一,張,雙人床, # ,沒有,你,沒有,我,難道,愛,就,不,存在,多,可愛,多,可愛,其實,你,不明不白,多,悲哀,多,悲哀,以為,只有,愛情,才,是,愛,!,誰,浪費,誰,的,溫柔,拿去,欣賞,一,朵,花,省下,的,淚水,可以,感動,一千萬,個,他,誰,浪費,誰,的,心血,足夠,蓋,一,座,大廈,說,愛,談情,的,力量,足夠,愛,一,個,國家, ! repeat # ,"! 
",你,微笑,不,代表,你,想,擁抱,你,的,擁抱,不,代表,一切,美好,如果說,夢想,是,一,個,氣泡,至少,我,能夠,觸摸,得,到,我,眼睛,看,不,見,你,的,需要,你,的,耳朵,聽,不,到,我,的,祈禱,如果說,天氣,都,難以,預告,愛情,的,痕跡,往,哪裡,找,我,要,對,你,多,好,你,要,愛,我,多少,有,甚麼,重要,也許,答案,得,走過,天涯海角,最後,才,知道,聽得,見,你,心,在,跳,最,重要,你,的,淚,不,代表,我,的,煩惱,我,的,感動,不,代表,你,的,心跳,也,難怪,親吻,的,時候,須要,閉起,眼睛,才,有,味道,我,要,對,你,多,好,你,要,愛,我,多少,有,甚麼,重要,也許,答案,得,走過,天涯海角,最後,才,知道,聽得,見,你,心,在,跳,最,重要,微軟,單曲,國語版,Microsoft,主題曲,黃耀明,/,老狼,眼睛,睜開來,影像,跳進來,有,說,不,出來,的,愉快,陽光,飛進來,雪花,綻開來,沒入,茫茫,人海,嘴吧,張開來,顏色,冒出來,感受,最,真實,的,存在,雨聲,滴下來,情話,接上來,跟,誰人,談戀愛,從來,的,地方,排山倒海,的,來,那麼,明白,明白,沒有,障礙,秒針,掉下來,時光,追上來,會,去到,甚麼,樣,年代,回憶,翻開來,回聲,播出來,叫,人,聽,的,發呆,青紅皂白,無,處,不,在,門窗,推開來,娛樂,按下來,有,說,不,出來,的,愉快,網路,鋪開來,時空,倒過來,叫,人,聽,的,發呆,一轉眼,比,想像,來得,更,快,一瞬間,夢想,就,快,來,一,路,上,比,想像,來得,更,快,一下子,未來,就,快,來,一,輩子,比,想像,來得,更,快,一剎那,會,去到,那裡,感性,的,眼睛,總,令,我,不,知,所以,醉人,的,丰姿,總,令,我,深深,著迷,對,你,的,心思, 別,又,裝做,不,在意,用,你,的,甜蜜,陪,我,朝朝,與,夕夕,我,想,你,想,拉近,距離,擁抱,你,的,美麗,我,愛,你,愛,你,的,神秘,愛,你,一輩子,意亂情迷,因為,夢見,你,驀然夢醒,真的,看到,你,這,黑色,的,刺激,說,不,出,的,神秘,卻,又,不,留,痕跡,意亂情迷,因為,夢見,你,驀然夢醒,真的,看到,你,什麼,都,可以,可以,只要,你,願意,對,你,的,心思,別,又,裝做,不,在意,用,你,的,甜蜜,陪,我,朝朝,與,夕夕,我,想,你,想,拉近,距離,擁抱,你,的,美麗,我,愛,你,愛,你,的,神秘,愛,你,一輩子,意亂情迷,因為,夢見,你,驀然夢醒,真的,看到,你,這,黑色,的,刺激,說,不,出,的,神秘,卻,又,不,留,痕跡,意亂情迷,因為,夢見,你,驀然夢醒,真的,看到,你,什麼,都,可以,可以,只要,你,願意,意亂情迷,因為,夢見,你,驀然夢醒,真的,看到,你,這,黑色,的,刺激,說,不,出,的,神秘,卻,又,不,留,痕跡,意亂情迷,因為,夢見,你,驀然夢醒,真的,看到,你,什麼,都,可以,可以,只要,你,願意,什麼,都,可以,可以,只要,你,願意," The End 
",我,知道,苦,的,不會,是,你,不會,為,戀愛,而,皺眉,得失,與否,永遠,不,賭氣,這,灑脫,感情觀,怎不,讚美,我,想,抱緊,的,偏要,是,你,這,渴望,偏要,無了期,沾濕,眼睛,為了,一,齣,戲,怎,跟,你,無,事,親親,當,嬉戲,但願,我,可以,像,你,對,記憶,不睬不理,日夜,也,海闊天空,輕鬆,快樂,笑看,分離,但願,我,可以,像,你,會,看破,戀愛,真理,不,相信,有,誰,真,可,不捨,不,棄, Repeat ,我,所,愛惜,的,只,會,是,你,想,兩,人,一,對,無了期,可惜,你,可愛,的,不只,我,將,一切,離別,相識,當,空氣, Repeat ,一,次,幸福,的,機會,發燒,愛煞,你,細膩,墮入,你,的,美,染滿,你,氣味,蓋過,你,細膩,摘下,你,的,美,抹去,你,氣味,呼吸,難,呼吸,窒息,得,快,休克,呼吸,難,呼吸,無力,和氣,哭泣,呼吸,要,呼吸,窒息,得,太,抑鬱,呼吸,不,呼吸,其實,從未,值得,觸摸,不,到,的,美麗,這麼,久,如,永,未,復原,的,傷口,想,呼吸,一口氣,但,你,未,開放,手,從,不可,擁有,更,罕有,忽,深,忽,淺,的,安慰,在,你,雙手,忽,多,忽少,的,給,我,叫,我,顫抖,(,吻,我,傷口,),喘息,彷彿,哭訴,無情,猶如,傾倒,珍惜,等於,虛耗,想,收收,不,到,要,放放,不,好,回頭,無,去路,你,用,眼睛,欣賞,看,得,見,的,漂亮,怎麼,能,想像,觸摸到,的,浪漫,一轉眼,的,溫暖,兩,個,人,去,分享,夠不,夠,填滿,一,個,夜晚,一剎那,的,意亂,情迷,一輩子,都,難,再,尋覓,只,怕,無限,春光,來不及,(,去,),一覽無遺,愛情,不,是,一,場,歡喜,激情,卻,像,一,陣,呼吸,難道,等,得,愈,久,愈,美麗,才,愈,有,意義,(,莫非,等到,下,一,個,世紀,才,擁抱,一起,),燈光,如何,昏黃,天色,怎樣,灰暗,也,不能,隱藏,赤裸裸,的,燦爛,每,個,天亮,也,有,不,一樣,的,蔚藍,怎麼,能,期盼,來日方,長,原曲,為,陳奕迅,的,國語,歌曲,看穿,是,為著,做,得,好,他,給,戲子,化妝,誰,是,丑角,主角,一,上妝,觀眾,不要,思索,只要,望,一望 ,亦,是,為,大家,好,他,給,這,世間,化妝,無論,逼到,賭氣,趕到,喘氣,都,粉飾,到,充滿,生氣,就是,興旺,生靈,如,白紙,一,張,想,添加,色彩,不免,姿整,生命,塗脂,抹粉,會,遮蓋,不,必要,的,陰影,補補,妝,改變,個,看法,受難,是,另,一,種,美好,補補,妝,改變,個,說法,寂寞,是,另,一,種,清高,補補,妝,改變,個,看法,混亂,是,另,一,種,對賭,補補,妝,改變,個,說法,末日,是,另,一,種,清早,是,為著,睡,得,好,給,知覺,加,厚妝,華麗,被單,裡,裝滿,的,跳蚤,不見,光,也,不痛不癢,別,衝撞,是,為,著,活,得,好,位位,都,要,懂得,裝,無論,再,黑,也,需要,一,線,光,再,醜,也,醜,到,比較,好看,別,絕,了,望,心情,如,白紙,一,張,想,添加,色彩,不免,姿整,表情,塗脂,抹粉,會,遮蓋,不,必要,的,陰影,補補,妝,改變,個,看法,受難,是,另,一,種,美好,補補,妝,改變,個,說法,寂寞,是,另,一,種,清高,補補,妝,改變,個,看法,混亂,是,另,一,種,對賭,補補,妝,改變,個,說法,末日,是,另,一,種,清早,改改,妝,改變,了,看法,罪行,是,陌生,的,友好,改改,妝,改變,了,說法,絕望,是,夢想,的,初稿,改改,妝,改變,了,看法,　末路,是,未知,的,領土,改改,妝,改變,了,說法,活,著,是,未,死,的,枯草,《,問,一,問,青天,》,大俠,自來自去,未及,紅塵,男女,不,傷心,處,不能,流淚,舊,夢,沒,憑,沒,據,有理,也,不可,追,呼天不應,叫,地,未,聞,一,句,負情負義,是,錯,盡義,盡仁,才,對,青天,不老,癡情,無罪,若是,為,情,為,愛,將,癡心,錯許,憑,青天,可,會,判定,是,誰,不,對,何處,找,青天,走,我,光明路,將,心聲,一一,盡訴,教,這,世界,完全,沒,憤怒, 日,恨夜,恨恨,那,天,太,高,何處,見,青天,普照,天涯路,不必,等,天荒地老,真愛,錯愛,為何,沒,正道, 日問夜,問問,那,天,那,天,找到,大俠,自來自去,未及,紅塵男女,不,傷心,處,不能,流淚,舊,夢,沒,憑,沒,據,有理,也,不可,追,呼天不應,叫,地,未,聞,一,句,負情負義,是,錯,盡義,盡仁,才,對,青天,不老,怎,知,心碎,若是,為,情,為,愛,將,癡心,錯許,憑,青天,可,會,判定,是,誰,不,對,何處,找,青天,走,我,光明路,將,心聲,一一,盡訴,教,這,世界,完全,沒,憤怒, 日,恨夜,恨恨,那,天,太,高,何處,見,青天,普照,天涯路,不必,等,天荒地老,真愛,錯愛,為何,沒,正道, 日問夜,問問,那,天,那,天,找到,何處,找,青天,走,我,光明路,將,心聲,一一,盡訴,教,這,世界,完全,沒,憤怒, 日,恨夜,恨恨,那,天,太,高,何處,見,青天,讓,紅日,笑傲,不必,等,天荒地老,真愛,錯愛,為何,沒,正道, 日問夜,問問,那,天,知不知道,電影,',行運,超人,',國語版,主題曲, ＃,不能,改變,天氣,好壞,可以,改變,我,心情, 　,可以,朦住,我,的,眼睛,不能,綁住,我,的,心, 　,不能,改變,曲折,長,路,總,有,改變,的,風景, 　,可以,看扁,我,的,分數,不能,小看,我,的,勁, &,不能,改變,我,的,運氣,可以,改變,我,個性, 　,可以,決定,性格,我,就,可以,決定,我,的,命, 　,不能,改變,最後,結果,過程,也,值得,高興, 　,走運,的,我,打拼,就,當,唱歌,不一定,想,贏,我,是,最,高,不,是,因為,我,會,贏,我,是,最好,不,因為,拿,第一,名,我,從不,怕,瓶頸,面對,挑戰,可以,怕,不可以,停, ＊,只有,衝勁,沒有,野心, 　,只有,塌地,沒有,死心, 　,百,毒,不,侵,想像,我,是,超人, 　,超越,命運,才,能,處變不驚," Repeat＃＊＃& 
",雷聲,過後,細雨,一,場,才,發覺,思念,漸漸,擴大,等,妳,等,的,慌,心亂如麻,來,時,看見,妳,紅,眼眶,我,卻,不,敢,往,別,處,想,妳,會,欺騙,我,嗎,不,懂,妳,為何,說,傻話,我,按住,妳,的,唇,別,在,講,留,些,隱瞞,好,嗎,聽到,心慌,的,妳,淚如雨下,對,我,來,說,就,是,個,懲罰,我,心痛,妳,能,聽到,嗎,用,妳,最,深情,的,吻,來,代替,解釋,好,嗎,這,時刻,已,無聲,仿,有聲,愛,觸動,左右,心房,用,妳,最,深情,擁抱,來,代替,解釋,好,嗎,都,沉積,已,久,的,淚水,因,妳,而,流下,我,的,痛,只,留給,我,嘗,越,是,懂,愛,的,人,越,是,不,怕,愛,了,妳,就,要,完全,信,妳,而,不用,妳,一,句,話,愛,是,迷迷糊糊,天地,初,開,的,時候,那,已經,盛放,的,玫瑰,愛,是,踏破,紅塵, 望,穿,秋水,只,因為,愛,過,的,人,不,說,後悔,愛,是,一生,一,世,一,次,一,次,的,輪迴,不管,在,東南,和,西北,愛,是,一,段,一,段,一,絲一絲,的,是非,叫,有情人,再,不能夠,說,再會,愛,怎麼,做,怎麼,錯,怎麼,看,怎麼,難,怎麼,叫,人,死生相隨,愛,是,一,種,不能,說,只,能,嘗,的,滋味,試,過,以後,不,醉,不,歸,等到,紅顏,憔悴,它,卻,依然,如此,完美,等到,什麼,時候,我們,才,能夠,體會,愛,是,一,朵,六月天,飄下來,的,雪花,還,沒,結果,已經,枯萎,愛,是,一,滴,擦,不,乾,燒,不,完,的,眼淚,還,沒,凝固,已經,成,灰,等到,情絲,吐盡,它,才,出現,那,一,回,等到,紅塵殘碎,它,才,讓,人,雙宿雙飛,啊,…,…,有,誰,懂得,箇中,滋味,愛,是,迷迷糊糊,天地,初,開,的,時候,那,已經,盛放,的,玫瑰,愛,是,踏破,紅塵, 望,穿,秋水,只,因為,愛,過,的,人,不,說,後悔,愛,是,一生,一,世,一,次,一,次,的,輪迴,不管,在,東南,和,西北,愛,是,一,段,一,段,一,絲一絲,的,是非,叫,有情人,再,不能夠,說,再會,我,聽,過,一,句,話,叫做,來,日方,長,有,幾,個,夜晚,就,一定,有,同樣,的,好,陽光,陰霾,下,又,何必,急於,失望,有時,悲傷,不一定,是,負擔, ＊,看到,最,甜,的,夢鄉,就是,吃苦,的,力量,幸福,沒有,必然,我,卻,擁有,快樂,的,方向,看到,最,亮,的,星光,就,是,黑夜,的,力量,上天,給,我,那,一,盞,燈,還要,自己,夠,勇敢,仰望,天空,心,不,亂,就,好看,我,在,低潮,時,體驗到,甚麼,叫,人情,冷暖,路,怎能,不,拐彎,誰,不,是,從,跌倒,學會,成長,流淚,不,難, Oh ,最,難,是,把,它,擦乾,盲目,的,絕望,怎,看到,希望, Repeat ＊ ,消化,過去,的,土壤,把,心,花,滋養,我,還,有,甚麼,好,沮喪,就,看,我,怎,看,(,看到,最,亮,的,星光,就,是,吃苦,的,力量,), Oh ,潮,降潮,漲,順其自然,看,得,短 ,看,得,長,一切,才,不,一樣,看過,溫室,外面,風光,寬廣,得,不,敢,想像, Oh ,從,平凡,看出,不,平凡,天,亮,不,亮,(,看,你,怎麼,看,),難題,難,不,難,煩,不,煩,還,看,我,怎麼,看,我,是,蝴蝶,流浪,於,花樣,胸膛,我,沒,重量,要,飛出,這,個,弄堂,我,要,情感,還,要,一,張,雙人床,成長,年少,輕狂,誰,也,有,可能,來往, ＊,恨,歲月,背叛, 　,往事,都,變成,了,災難,遺憾, 　,恨,人生,的,長廊,一,場,熱鬧, 　,留下,行李,要,自己,承擔, 　,恨,我,的,眼淚,並,發,得,我,提心吊膽, 　,證明,悲哀,不,是,場,虛幻,＊ ,不甘,平凡,感情,卻,是,種,負擔,告別,青春,卻,沒有,告別,渴望,想,愛,就,愛,可惜,已經,跟,愛情,無關,如,夢,舊歡,只,是,徒勞,的,糾纏, REPEAT＊ ,愛情,是,我,生存,力量,電影,「,武俠,梁祝,」,國語,「,劍蝶,」,主題曲,心,不,晚,不,早,亂,如,狂草,寫下,不,落言,傳,的,曲調,愛,拐彎抹角, 望,何處,跑,瞞,不,過,心跳,的,吵鬧,我,的,心事,輕,如,蝶舞,重,若,背包,柳媚花嬌,難,防,眉梢,眼角,我,的,黃昏,忽然,破曉,　不了,也,了,難逃,　脈搏,像,劍花,舞蹈,難逃,一,場,喜悅,的,煩惱,愛,千迴百繞,終究,回到,那,花,開,千,樹,的,懷抱,我,的,心事,輕,如,蝶舞,重,若,背包,柳媚花嬌,難,防,眉梢,眼角,我,的,黃昏,忽然,破曉,　不了,也,了,難逃,　脈搏,像,劍花,舞蹈,難逃,一,場,喜悅,的,煩惱,銀河,有,多,遠,情,有,多,長,忠貞,有,織女,苦戀,有,牛郎,一,年,一,重,逢,等,破,了,衣裳,鵲橋,連綿成,這,傳說,如,星海,浩瀚,一,個,癡,一,個,狂,人間,少見,這,情長,剪,不斷,理,還,亂,等到,淚,熱心,不,寒,蕩氣,欲,斷腸,等,成,愛情,的,典範,愛,到,這麼樣,你,嚮往,不,嚮往,去日,苦短,時,來日方,長,兩情,堅定,時,豈,在乎,孤單,柔情,細,如,水,美麗,成,淒美, 望,眼看,不,穿,這,傳說,是,不,是,謠傳,何,頑固,何,倔強,感動,人心,更,心傷,懷抱,少,懷念,多,淚眼,笑面,兩,蒼茫,是否,苦,浪漫,才,能,念念不敢,忘,悲壯成,這樣,你,希罕,不,希罕,一,個,癡,一,個,狂,人間,少見,這,情長,剪,不斷,理,還,亂,等到,淚,熱心,不,寒,蕩氣,欲,斷腸,等,成,愛情,的,典範,愛,到,這麼樣,你,嚮往,不,嚮往,是否,苦,浪漫,才,能,念念不敢,忘,悲壯,到,這樣,你,希罕不希罕,塵滿,臉, 髮,如,霜,人間,難得,痴情漢,是,一,種,幸福,還是,一生,災難,天,安排,了,和,你,在,同,一,班,將,心情,互雙,交換,還,傳染,所謂,多愁善感,到,畢業,各自,各,上班,就,好像,並肩,作戰,才,明白,甚麼,才,是,苦難, ＊,我們,成對,成雙,學會,勇敢,在,世途,上,一起,成長,來日方長,去日,苦短,卻,一樣,無所不談,迷失,在,人間,變幻,安全,在,有,你,的,呼喚,我,的,背影,有,你,的,光,千金,不,換,這,永遠,伙伴,＊ ,愛情,不免,遇上,不少,麻煩,我,還好,有,你,分擔,你,比,我,還,快,紅,了,眼眶, REPEAT＊ ,人情,擾擾攘攘,就,好像,鬥獸場,只有,你,是,例外,不用,去,提防," REPEAT＊ 
",自從,看過,了,漫天,蝴蝶,讓,翅膀,開,著,舞會,我,才,明白,什麼,叫,天花亂墜,自從,看過,了,彩虹,交匯,黑雨,化成,七色,眼淚,我,才,明白,這,世界,無所謂,美,或,不,美,自從,看過,了,桃紅花蕊,任由,我,也,如,花瓣,枯萎,不,挽留,不,說,再會,我,才,懂得,愛,玫瑰,自從,愛,過,了,誰,我,的,心,像,湖水,給,那,蜻蜓,輕微,一點,就,遠走高飛,我,就,喜歡,曖昧,自從,發現,走到,哪裡,月亮,總是,相隨,我,才,明白,黑夜,不,可怕,我,總會,給,溫柔,包圍,自從,我,發現,美麗,的,蝴蝶,活,不,夠,一,歲, 　,才,懂,愛情,的,滋味,因為,看過,了,桃紅,花蕊,任由,外面,的,花瓣,枯萎,不,挽留,不,說,再會,我,才,懂得,愛,玫瑰,因為,愛,過,了,誰,我,的,心,像,湖水,給,那,蜻蜓,輕微,一點,就,遠走高飛,我,才,喜歡,曖昧,自從,發現,走到,那裡,月亮,總是,相隨,我,才,明白,黑夜,不,可怕,我,總會,給,溫柔,包圍,自從,我,發現,美麗,的,蝴蝶,活,不,夠,一,歲,才,懂,愛情,的,滋味,自從,第一,次,失戀,我,明白,沒有,永遠,的,完美,自從,第一,次,流淚,我,才,明白,最,短暫,的,是,傷悲,滿,天,蝴蝶,一樣,的,飛,雖然,活,不,過,一,歲,卻,成,全,漫山,薔薇,你,說,小心,風寒,我們,正在,幻想,在,雪,上,我,說,你,的,右手,遊,過,左岸,在,我,臉龐,灰色,天空,下,分享,綠色,雨傘,愛情,的,影像,珍藏,在,博物館,在,梵谷,真跡,面前,挨,著,肩膀,比,他,的,藝術,更,難忘,想像,坐,在,摩天輪,緊,靠在,你,身旁,像,個,避風港,越,縮,越,小,的,陽光,把,我們,的,背影,慢慢,延長,想像,流轉,摩天輪,把,這,世界,張望,不,分,西北,東南,忘掉,所有,煩惱,這,畫面,就,像,情侶,一樣,在,快,消失,的,馬爾地夫,倘佯,　 ,在,寬大,地球,做,個,渺小,夢想,一,路,上,你,也,揹,著,我,的,行囊,我,卻,感受,著,你,重量,想像,坐,在,摩天輪,緊,靠在,你,身旁,像,個,避風港,越,縮,越,小,的,陽光,把,我們,的,背影,慢慢,延長,想像,流轉,摩天輪,把,這,世界,張望,不,分,西北,東南,忘掉,所有,煩惱,這,畫面,就,像,情侶,一樣,想像,坐,在,摩天輪,你,坐,在,我,身旁,童話,般,圓滿,越,縮,越,小,的,陽光,把,我們,的,背影,慢慢,延長,想像,流轉,摩天輪,把,這,世界,張望,不,分,西北,東南,謝謝,你,的,描述,這,風光,我,會,留在,心,上,閉,著,雙眼,去,旅行,已,是,我倆,一起,最,美,的,妄想,比起,真實,的,旅途,浪漫,太,容易,付出,卻,不,容易,相處,難怪,我,總是,被,辜負,太多,的,領悟,卻,太少,的,幸福,是,天生,性格,太,頑固,我行我素,那樣,又,何苦,我,又,不,是,不,懂,人情,世故,假裝,甚麼,都,糊塗,假裝,甚麼,都,瞑目,小聰明,沒用, 扮,小人物,完全,作不了,主,好像,沒有,唸,過,書,好像,需要,受,保護,誰,犯,了,錯誤,不動聲息,饒恕,男人,就,會,滿足,我,的,回憶錄,鋪滿,難,走,的,路,儘管,只是,攜手,漫步,開始,到,結束,不會,無緣無故,一定,是,我,過於,在乎,我行我素,那樣,又,何苦,我,又,不,是,不,懂,人情,世故,假裝,甚麼,都,糊塗,假裝,甚麼,都,瞑目,小聰明,沒用, 扮,小人物,完全,作不了,主,好像,沒有,唸,過,書,好像,需要,受,保護,一,收到,禮物,就,可愛,像,寵物,就,按,劇本,演出,假裝,甚麼,都,糊塗,假裝,甚麼,都,瞑目,小聰明,沒用, 扮,小人物,完全,作不了,主,假裝,不,懂得,憤怒,假裝,不,懂得,投訴,情深,沒有用,難道,就,靠,講究,人情,世故,好像,沒有,唸,過,書,好像,不會,有,感觸,放棄,我,態度,得到,愛情,前途,我,該不該,演出,或者,幸福,需要,鍛鍊,或者,大家,需要,掛念, 若,掛念,得,足夠,便,可,再見,遇上,第三者,當,試驗,為了,令,彼此,也,發現,沒有,辦法,不,愛,對方,缺點, ＊,這麼多,恩怨,有如,轉圈,要,走,也,走,不遠, 　,牽,手,的,姿態,始終,講,正選,＊ ＃Try Again ,別離,只是,魚餌,左右,迴避, 　,會令,明日,加倍,想,再,一起, 　Try Again ,暫時,親熱,無味,轉換,場地, 　,最後,誰,是,真正,被,拋棄, 　Try Again　Try Again＃ ,避開,互相,討厭,那,面,至少,記得,可愛,那,面,就算,夢,中,失散,亦,可,再見,若果,大家,不,坐,對面,未,厭倦,總,可以,致電,就,當,匯報,可,有,最,新,發展, Repeat＊＃ ,(,國語,),(,再,向,前,每,天,我,都,正在,超越,今天, 　,相信,我,還,能,更,好,一點,再,向,前, 　,每,次,我,都,企圖,超越,極限,有,可能,到達,的,頂點, 　,不,看,誰,不,問,誰,不管,誰, 　,甚麼,順位,的,排列,做,自己,像,自己, 　,是,自己,就是,我,要,的,表現, 　,頭髮,甩甩,沮喪,丟到,千里,外,之,遠, 　,甚麼,放棄,的,字眼,…, No way,!,), ＃Try Again ,別離,只是,魚餌,左右,迴避, 　,會令,明日,加倍,想,再,一起, 　Try Again ,暫時,親熱,無味,轉換,場地, 　,最後,誰,是,真正,被,拋棄, 　Try Again　Try Again＃ ,遇上,什麼,使,我,發現,越,決絕,會,越,懷念,今夜,你,會不會,來,你,的,愛,還,在,不,在,如果,你,的,心,已經,離開,我,寧願,沒有,未來,今夜,你,會不會,來,你,的,愛,還,在,不,在,別,讓,我,所有,的,等待,變成,一,片,空白,我,覺得,我,很,失敗,整,夜,坐,這裡,瞎猜,如果,有,信心,雖然,百無了賴,一樣,過,的,很,精彩,我,覺得,我,太,依賴,或許,對,你,太,崇拜, 心,給,你,主宰,心情,都,給,你,破壞,時間,失去,了,安排,應該,鐵,了,心,就,當,你,不會,再,來,減低,對,自己,的,傷害,愛,過,的,都,知道,等待,並,沒有,人,能,例外,今夜,你,會不會,來,你,的,愛,還,在,不,在,你,那麼,利害,又,那麼,帥,我,一時之間,走,不,開,今夜,你,會不會,來,你,的,愛,還,在,不,在,孤單,夾,著,來,我,都,愉快,雖然,你,不會,來,其實,你,不,算,太,壞,不過,性格,像,小孩,遇上,新,玩具,就,會,抱,它,入懷,舊,的,不,懂得,安排,其實,你,也,太,慷慨,向,那麼多,人,示愛,時間,過,得,快,每,個,人,都,想,愛,而,我,落得,不明不白,應該,鐵,了,心,就,當,你,不會,再,來,減低,對,自己,的,傷害,愛,過,的,都,知道,等待,並,沒有,人,能,例外,今夜,你,會不會,來,你,的,愛,還,在,不,在,你,那麼,利害,又,那麼,帥,我,一時之間,走,不,開,今夜,你,會不會,來,你,的,愛,還,在,不,在,孤單,夾,著,來,我,都,愉快,雖然,你,不會,來,今夜,你,會不會,來,你,的,愛,還,在,不,在,如果,你,的,心,已經,離開,我,寧願,沒有,未來,今夜,你,會不會,來,你,的,愛,還,在,不,在,別,讓,我,所有,的,等待,都,變成,一,片,空白,為何,要,落淚,落淚,仍,要,一,個,面對,無謂,的,負累,怎麼,不忍,失去,其實,我,不,怪,誰,在,你,掌心,裡,偏偏,我,要,孤單,的,寄居, * ,為何,要,恐懼,寂寞,時,欠,一,個,伴侶,甜蜜,中,受罪,怎麼,講,都,不,對,無論,你,想,愛,誰,在,你,掌握,裡,我,熱情,隨時,在,手,裏, # ,誰,也,知,夜夜,與,她,那,內情,可惜,我,瞎,了,眼睛,真相,那,須,說明,而,我,卻,哼,不,出,半,聲,誰,也,知,夜夜,與,她,那,內情,甘心,去,做,你,佈景,得到,你,的,愛情,還要,再,得到,你,任性, Repeat *,",",#,",",# ,一切,原是,注定,因,我,跟,你,都,任性,無聲,之中,怎,可,知,真,擁緊,你,如,觸摸,一,堆,飄忽,空氣,眼看,無數,個,問號,被,靜默,的,你,吻,去,只好,自欺,從不,敢,不忍心識,穿,你,據聞,你,與,那,默劇,藝人,戀上,了,我,也,學,別人,靜靜,地,演,我,這,套,戲,亦,不,願,分離, ＊,相對,不,發,一,言,似是,你,共,我,有,了,默契,永,不要,幼稚,的,罵戰,但,表情,彼此,表情,悄悄,地,暗示,這,是,冷戰,多少,年,共對,亦,無言, ＃,流言風,一般,於,身邊,一,聲,一,句,從不,聽,不,講,不,想,一,句,怕,會,無意,揭露,令,人,難,圓埸,的,証據,怎,可,面對,無聲,之中,將,心聲,踩碎,變成,最,有趣,默劇,藝人,不,怨懟,永遠,靜靜,地,寂寞,地,演,你,愛侶,別,管,你,想,誰, Repeat ＊ ,多少,年,直到,目前,我,愛,你,你,也,愛,我,這,個,你我,過去,也,聽,過,說,過,破裂,過,厭棄,過,怨過,傷,過,變,過,你,我,卻,永遠,怕,說,破,冷戰,再,冷戰,再,冷戰,一錯再錯,我,卻,愛上,這,個,錯,怪責,你,揭破,你,放棄,你,可,會,使,我,好過, Repeat ＃ ,相對,不,發,一,言,似是,你,共,我,有,了,默契,永,不要,幼稚,的,罵戰,但,表情,即使,表情,也,似,沒有,話,說,沒有,話,說,沒有,話,說,像,冷戰,多少,年,共對,亦,無言,彷彿,多少,年,欲,愛,但,忘言,欲,愛,但,忘言,讓,你,走過,眼前,有,誰,去,過,西伯利亞,只,因,彼此,距離,遙遠,得,可怕,就,把,別人,溫暖,的,家,叫做,天涯,有,誰,攀過,喜瑪拉雅 ,難道,因為,冰天雪地,的,反差,就,要,刮掉,一,頭,黑髮,覺得,邋遢,咿咿　,呀呀,到底,我們,在,幹嘛,嗚嗚,呀呀,你,以為,這,是,甚麼,啦,黑壓壓,的,烏鴉,起飛,啦 ,飛,得,像,白,鴿,優雅,甜蜜蜜,的,烏鴉,求愛,啦 ,愛,得,比,世界,闊大,亮晶晶,的,烏鴉,你,看,啦 ,看,得,比,顏色,寬大,比,自己,更,大,你,愛,牠,不,愛,牠,有,誰,聽懂,鳥兒,說話,難道,因為,不同,形狀,的,嘴,吧,就,把,一,段,甜言蜜語,當做,髒話,有,誰,喝,過,別人,的,茶,難道,因為,不,是,自己,的,牙刷,同,一樣,的,酸甜苦辣,特別,邋遢,咿咿　,呀呀,到底,我們,在,幹嘛,嗚嗚,呀呀,你,以為,這,是,甚麼,啦,黑壓壓,的,烏鴉,起飛,啦 ,飛,得,像,白,鴿,優雅,甜蜜蜜,的,烏鴉,求愛,啦 ,愛,得,比,世界,闊大,亮晶晶,的,烏鴉,你,看,啦 ,看,得,比,顏色,寬大,比,自己,更,大,你,愛,牠,不,愛,牠,我們,一起,嗚,呀,呀咿呀,啦啦啦啦啦啦啦 ,我們,一起,嗚,呀,呀咿呀,啦啦啦啦啦啦啦 ,亮晶晶,的,烏鴉,你,看,啦 ,看,得,比,顏色,寬大,比,自己,更,大,你,愛,牠,不,愛,牠,你,愛,不,愛,牠,●,償還,(,粵,),從未,將,你,的,貼相,從,右,翻,至,左,欣賞,從未,躺進,髮,上,貼身,搔癢,怎會,當,尋常,從未,聽,你,的,拇指,撩動,花瓣,的,聲響,從未,真正,放手,所以,以為,擁抱,會,漫長, ＊,償還,過,才,如願,要是,未曾,償清,這,心願, 星,不會,轉,謊,不會,穿,因此,太希罕,繼續,相戀, 償,還,過,才情願,閉,著,目,承認,故事,看完,甚麼,都,不,算,甚麼,即使,你,離,得,多,遠,也,不,好,抱怨,從未,等,你,的,眼睛,從,夢,中,看到,甦醒,從未,跟,你,暢泳,怎麼,知道,高興,會,忘形,從未,跟,你,飲,過,冰,零,度,天氣,看,風景,從未,攀過,雪山,所以,以為,天會,繼續,晴 Repeat ＊ ●,紅豆,(,國語,),有時候,有時候,我,會,相信,一切,有,盡頭,相聚,離開,都,有時候,沒有,甚麼,會,永垂不朽,可是,我,有時候,寧願,選擇,留戀,不,放手,等到,風景,都,看透,也許,你,會,陪,我,看,細水長流,這,一,類,的,男孩,天生,很,注重,儀態,要,愛,他,少,不免,等待,拍,個,照,不停,的,搖擺,怕,人家,看,不,出來,他,帥帥,帥,　Oh boy ,這,一,掛,不可能,在,同,一,個,地方,待,一時,好奇,他,才,要求,我,的,愛,他們,擅長,賣,口,乖,把,所有,說,過,的,話,全,都,拋進,了,大海, Oh boy　,太多,選擇,所謂,愛, oh boy　,太少,對像,值得,愛,這,個,未免,太,意外,太,完美,的,幸福,一定,有點,怪,不合,情理,你,一定,會,猜,(,一定,會,猜,),結果,出來,他,的,伴侶,還,健在, Oh boy　,不,是,大男人,就,是,笨,小孩, Oh boy　,不,是,來得,晚,就是,來得,快, Oh boy　,不,懂,分辨,好,和,壞, Oh boy　,只好,狠心,全,都,拒絕,在,門,外, Oh boy　,太多,選擇,所謂,愛, oh boy　,太少,對像,值得,愛,全部,的,男生,都,說來,來來,沒有,一,個,提到,了,未來,全部,的,男生,都,說,快快,快 ,沒有,一,個,怕,我,不,愉快, Oh boy　,不,是,大男人,就,是,笨,小孩, Oh boy　,不,是,來得,晚,就是,來得,快, Oh boy　,不,懂,分辨,好,和,壞, Oh boy　,只好,狠心,全,都,拒絕,在,門,外, Oh boy　,太多,選擇,所謂,愛, oh boy　,太少,對像,值得,愛,全部,的,男生,都,說來,來來,沒有,一,個,提到,了,未來,全部,的,男生,都,說,快快,快 ,沒有,一,個,怕,我,不,愉快,全部,的,男生,都,說來,來來,沒有,一,個,提到,了,未來,全部,的,男生,都,說,快快,快 ,沒有,一,個,怕,我,不,愉快, Oh boy　,太多,選擇,所謂,愛, oh boy　,太少,對像,值得,愛,我,怕,來不及,我,要,抱,著,你,直到,感覺,你,的,皺紋,有,了,歲月,的,痕跡,直到,肯定,你,是,真的,直到,失去,力氣,為了,你,我,願意,動,也,不能,動,也,要,看,著,你,直到,感覺,你,的,髮線,有,了,白雪,的,痕跡,直到,視線,變,得,模糊,直到,不能,呼吸,讓,我們,形影不離, ＃,如果,全,世界,我,也,可以,放棄,至少,還,有,你,值得,我,去,珍惜, 　,而,你,在,這裡,就是,生命,的,奇蹟, 　,也許,全,世界,我,也,可以,忘記,就是,不,願意,失去,你,的,消息, 　,你,掌心,的,痣,我,總,記得,在,那裡,我們,好不容易,我們,身不由己,我,怕,時間,太,快,不,夠,將,你,看,仔細,我,怕,時間,太,慢,日夜,擔心,失去,你,恨不得,一,夜,之間,白頭,永,不,分離, Repeat ＃ ,在,那裡,在,那裡,美味,的,菜,難忘,的,愛,是,不,是,都,是,為了,一時間,的,快樂,而,存在,傳去,傳來,誰,來,指派,誰,擁有,十,根,指頭,舞動,一,場,魔法,的,節拍,對,命運,忍耐,對,別人,依賴,還是,和,自己,比賽,只是,我,不,明白,怎麼,決定,愛,不,愛,甜酸苦辣,的,味道,全,都,嚐,過,了,才,能,重新,站起來,要,過,後,才,明白,我,卻,敵不過,現在,也,看,不,清楚,怎麼,過去,才,會,忘,了,未來,對,直覺,崇拜,對,命運,忍耐,對,別人,依賴,還是,和,自己,比賽,只是,我,不,明白,怎麼,決定,愛,不,愛,甜酸苦辣,的,味道,全,都,嚐,過,了,才,能,重新,站起來,要,過,後,才,明白,我,卻,敵不過,現在,也,看,不,清楚,怎麼,過去,才,會,忘,了,未來,甚麼,是,愛,甚麼,是,愛,為甚麼,我,不可以,同一,時間,愛上,幾,道,菜
